chain_1	residue_index_1	atom_1	chain_2	residue_index_2	atom_2	max_distance_A	raw_projected_distance_A	source_groups	boltz_adjustment
X	1	C1'	X	1	C2'	6.240000	6.240000	nef_distance_restraint_list_AMBER_distance_restraints_1:4;nef_distance_restraint_list_AMBER_distance_restraints_1:7	
X	1	C1'	X	1	C3'	7.740000	7.740000	nef_distance_restraint_list_AMBER_distance_restraints_1:10	
X	1	C1'	X	1	C4'	6.240000	6.240000	nef_distance_restraint_list_AMBER_distance_restraints_1:13	
X	1	C1'	X	1	C5'	9.240000	9.240000	nef_distance_restraint_list_AMBER_distance_restraints_1:15;nef_distance_restraint_list_AMBER_distance_restraints_1:17	
X	1	C1'	X	1	C8	7.740000	7.740000	nef_distance_restraint_list_AMBER_distance_restraints_1:1	
X	1	C1'	X	2	C3'	9.240000	9.240000	nef_distance_restraint_list_AMBER_distance_restraints_1:29	
X	1	C1'	X	2	C4'	7.740000	7.740000	nef_distance_restraint_list_AMBER_distance_restraints_1:33	
X	1	C1'	X	2	C5'	7.740000	7.740000	nef_distance_restraint_list_AMBER_distance_restraints_1:37;nef_distance_restraint_list_AMBER_distance_restraints_1:40	
X	1	C1'	X	2	C8	7.740000	7.740000	nef_distance_restraint_list_AMBER_distance_restraints_1:2	
X	1	C2	X	2	C1'	9.240000	9.240000	nef_distance_restraint_list_AMBER_distance_restraints_1:20	
X	1	C2	X	2	C2	9.240000	9.240000	nef_distance_restraint_list_AMBER_distance_restraints_1:3	
X	1	C2	X	2	C4'	9.240000	9.240000	nef_distance_restraint_list_AMBER_distance_restraints_1:34	
X	1	C2'	X	1	C8	6.240000	6.240000	nef_distance_restraint_list_AMBER_distance_restraints_1:5;nef_distance_restraint_list_AMBER_distance_restraints_1:8	
X	1	C2'	X	2	C8	6.240000	6.240000	nef_distance_restraint_list_AMBER_distance_restraints_1:6;nef_distance_restraint_list_AMBER_distance_restraints_1:9	
X	1	C3'	X	1	C8	7.740000	7.740000	nef_distance_restraint_list_AMBER_distance_restraints_1:11	
X	1	C3'	X	2	C8	7.740000	7.740000	nef_distance_restraint_list_AMBER_distance_restraints_1:12	
X	1	C4'	X	1	C8	9.240000	9.240000	nef_distance_restraint_list_AMBER_distance_restraints_1:14	
X	1	C5'	X	1	C8	9.240000	9.240000	nef_distance_restraint_list_AMBER_distance_restraints_1:16;nef_distance_restraint_list_AMBER_distance_restraints_1:18	
X	1	C8	X	2	C8	7.740000	7.740000	nef_distance_restraint_list_AMBER_distance_restraints_1:19	
X	2	C1'	X	2	C2'	6.240000	6.240000	nef_distance_restraint_list_AMBER_distance_restraints_1:23;nef_distance_restraint_list_AMBER_distance_restraints_1:26	
X	2	C1'	X	2	C3'	7.740000	7.740000	nef_distance_restraint_list_AMBER_distance_restraints_1:30	
X	2	C1'	X	2	C4'	6.240000	6.240000	nef_distance_restraint_list_AMBER_distance_restraints_1:35	
X	2	C1'	X	2	C5'	9.240000	9.240000	nef_distance_restraint_list_AMBER_distance_restraints_1:38;nef_distance_restraint_list_AMBER_distance_restraints_1:41	
X	2	C1'	X	2	C8	7.740000	7.740000	nef_distance_restraint_list_AMBER_distance_restraints_1:21	
X	2	C1'	X	3	C3'	9.240000	9.240000	nef_distance_restraint_list_AMBER_distance_restraints_1:57	
X	2	C1'	X	3	C4'	7.740000	7.740000	nef_distance_restraint_list_AMBER_distance_restraints_1:61	
X	2	C1'	X	3	C5'	7.740000	7.740000	nef_distance_restraint_list_AMBER_distance_restraints_1:66;nef_distance_restraint_list_AMBER_distance_restraints_1:69	
X	2	C1'	X	3	C8	7.740000	7.740000	nef_distance_restraint_list_AMBER_distance_restraints_1:22	
X	2	C2	X	3	C4'	9.240000	9.240000	nef_distance_restraint_list_AMBER_distance_restraints_1:62	
X	2	C2'	X	2	C8	6.240000	6.240000	nef_distance_restraint_list_AMBER_distance_restraints_1:24;nef_distance_restraint_list_AMBER_distance_restraints_1:27	
X	2	C2'	X	3	C8	6.240000	6.240000	nef_distance_restraint_list_AMBER_distance_restraints_1:25;nef_distance_restraint_list_AMBER_distance_restraints_1:28	
X	2	C3'	X	2	C8	7.740000	7.740000	nef_distance_restraint_list_AMBER_distance_restraints_1:31	
X	2	C3'	X	3	C8	7.740000	7.740000	nef_distance_restraint_list_AMBER_distance_restraints_1:32	
X	2	C4'	X	2	C8	9.240000	9.240000	nef_distance_restraint_list_AMBER_distance_restraints_1:36	
X	2	C5'	X	2	C8	9.240000	9.240000	nef_distance_restraint_list_AMBER_distance_restraints_1:39;nef_distance_restraint_list_AMBER_distance_restraints_1:42	
X	3	C1'	X	3	C2'	6.240000	6.240000	nef_distance_restraint_list_AMBER_distance_restraints_1:49;nef_distance_restraint_list_AMBER_distance_restraints_1:53	
X	3	C1'	X	3	C3'	7.740000	7.740000	nef_distance_restraint_list_AMBER_distance_restraints_1:58	
X	3	C1'	X	3	C4'	6.240000	6.240000	nef_distance_restraint_list_AMBER_distance_restraints_1:63	
X	3	C1'	X	3	C5'	9.240000	9.240000	nef_distance_restraint_list_AMBER_distance_restraints_1:67;nef_distance_restraint_list_AMBER_distance_restraints_1:70	
X	3	C1'	X	3	C8	7.740000	7.740000	nef_distance_restraint_list_AMBER_distance_restraints_1:43	
X	3	C1'	X	4	C8	7.740000	7.740000	nef_distance_restraint_list_AMBER_distance_restraints_1:44	
X	3	C1'	X	19	N1	8.400000	8.400000	nef_distance_restraint_list_AMBER_distance_restraints_1:45	
X	3	C2	X	4	N1	7.400000	7.400000	nef_distance_restraint_list_AMBER_distance_restraints_1:46	
X	3	C2	X	9	N1	8.400000	8.400000	nef_distance_restraint_list_AMBER_distance_restraints_1:47	
X	3	C2	X	19	N1	8.400000	8.400000	nef_distance_restraint_list_AMBER_distance_restraints_1:48	
X	3	C2'	X	3	C8	6.240000	6.240000	nef_distance_restraint_list_AMBER_distance_restraints_1:50;nef_distance_restraint_list_AMBER_distance_restraints_1:54	
X	3	C2'	X	4	C8	6.240000	6.240000	nef_distance_restraint_list_AMBER_distance_restraints_1:51;nef_distance_restraint_list_AMBER_distance_restraints_1:55	
X	3	C2'	X	19	N1	7.400000	7.400000	nef_distance_restraint_list_AMBER_distance_restraints_1:52;nef_distance_restraint_list_AMBER_distance_restraints_1:56	
X	3	C3'	X	3	C8	9.240000	9.240000	nef_distance_restraint_list_AMBER_distance_restraints_1:59	
X	3	C3'	X	4	C8	9.240000	9.240000	nef_distance_restraint_list_AMBER_distance_restraints_1:60	
X	3	C4'	X	3	C8	9.240000	9.240000	nef_distance_restraint_list_AMBER_distance_restraints_1:64	
X	3	C4'	X	4	C8	9.240000	9.240000	nef_distance_restraint_list_AMBER_distance_restraints_1:65	
X	3	C5'	X	3	C8	9.240000	9.240000	nef_distance_restraint_list_AMBER_distance_restraints_1:68;nef_distance_restraint_list_AMBER_distance_restraints_1:71	
X	3	C8	X	19	C1'	9.240000	9.240000	nef_distance_restraint_list_AMBER_distance_restraints_1:384	
X	3	C8	X	19	N1	7.400000	7.400000	nef_distance_restraint_list_AMBER_distance_restraints_1:72	
X	4	C1'	X	4	C2'	6.240000	6.240000	nef_distance_restraint_list_AMBER_distance_restraints_1:75;nef_distance_restraint_list_AMBER_distance_restraints_1:78	
X	4	C1'	X	4	C3'	7.740000	7.740000	nef_distance_restraint_list_AMBER_distance_restraints_1:81	
X	4	C1'	X	4	C4'	6.240000	6.240000	nef_distance_restraint_list_AMBER_distance_restraints_1:84	
X	4	C1'	X	4	C5'	9.240000	9.240000	nef_distance_restraint_list_AMBER_distance_restraints_1:86;nef_distance_restraint_list_AMBER_distance_restraints_1:88	
X	4	C1'	X	4	C8	7.740000	7.740000	nef_distance_restraint_list_AMBER_distance_restraints_1:73	
X	4	C1'	X	5	C8	7.740000	7.740000	nef_distance_restraint_list_AMBER_distance_restraints_1:74	
X	4	C2'	X	4	C8	6.240000	6.240000	nef_distance_restraint_list_AMBER_distance_restraints_1:76;nef_distance_restraint_list_AMBER_distance_restraints_1:79	
X	4	C2'	X	5	C8	6.240000	6.240000	nef_distance_restraint_list_AMBER_distance_restraints_1:77;nef_distance_restraint_list_AMBER_distance_restraints_1:80	
X	4	C3'	X	4	C8	7.740000	7.740000	nef_distance_restraint_list_AMBER_distance_restraints_1:82	
X	4	C3'	X	5	C8	7.740000	7.740000	nef_distance_restraint_list_AMBER_distance_restraints_1:83	
X	4	C4'	X	4	C8	9.240000	9.240000	nef_distance_restraint_list_AMBER_distance_restraints_1:85	
X	4	C5'	X	4	C8	7.740000	7.740000	nef_distance_restraint_list_AMBER_distance_restraints_1:87;nef_distance_restraint_list_AMBER_distance_restraints_1:89	
X	4	C8	X	5	C8	9.240000	9.240000	nef_distance_restraint_list_AMBER_distance_restraints_1:110	
X	4	C8	X	19	N1	7.400000	7.400000	nef_distance_restraint_list_AMBER_distance_restraints_1:90	
X	4	C8	X	20	N1	8.400000	8.400000	nef_distance_restraint_list_AMBER_distance_restraints_1:91	
X	4	N1	X	9	C8	8.400000	8.400000	nef_distance_restraint_list_AMBER_distance_restraints_1:187	
X	4	N1	X	9	O6	3.050000	3.050000	nef_distance_restraint_list_AMBER_distance_restraints_2:3;nef_distance_restraint_list_AMBER_distance_restraints_2:4	
X	4	N2	X	9	N7	3.000000	3.000000	nef_distance_restraint_list_AMBER_distance_restraints_2:2	
X	4	N7	X	19	N2	3.000000	3.000000	nef_distance_restraint_list_AMBER_distance_restraints_2:14	
X	4	O6	X	19	N1	3.050000	3.050000	nef_distance_restraint_list_AMBER_distance_restraints_2:15;nef_distance_restraint_list_AMBER_distance_restraints_2:16	
X	5	C1'	X	5	C2'	6.240000	6.240000	nef_distance_restraint_list_AMBER_distance_restraints_1:94;nef_distance_restraint_list_AMBER_distance_restraints_1:97	
X	5	C1'	X	5	C3'	7.740000	7.740000	nef_distance_restraint_list_AMBER_distance_restraints_1:100	
X	5	C1'	X	5	C4'	6.240000	6.240000	nef_distance_restraint_list_AMBER_distance_restraints_1:103	
X	5	C1'	X	5	C5'	9.240000	9.240000	nef_distance_restraint_list_AMBER_distance_restraints_1:106;nef_distance_restraint_list_AMBER_distance_restraints_1:108	
X	5	C1'	X	5	C8	7.740000	7.740000	nef_distance_restraint_list_AMBER_distance_restraints_1:92	
X	5	C1'	X	6	C8	7.740000	7.740000	nef_distance_restraint_list_AMBER_distance_restraints_1:93	
X	5	C2'	X	5	C8	6.240000	6.240000	nef_distance_restraint_list_AMBER_distance_restraints_1:95;nef_distance_restraint_list_AMBER_distance_restraints_1:98	
X	5	C2'	X	6	C8	6.240000	6.240000	nef_distance_restraint_list_AMBER_distance_restraints_1:96;nef_distance_restraint_list_AMBER_distance_restraints_1:99	
X	5	C3'	X	5	C8	7.740000	7.740000	nef_distance_restraint_list_AMBER_distance_restraints_1:101	
X	5	C3'	X	6	C8	7.740000	7.740000	nef_distance_restraint_list_AMBER_distance_restraints_1:102	
X	5	C4'	X	5	C8	9.240000	9.240000	nef_distance_restraint_list_AMBER_distance_restraints_1:104	
X	5	C4'	X	6	C8	9.240000	9.240000	nef_distance_restraint_list_AMBER_distance_restraints_1:105	
X	5	C5'	X	5	C8	9.240000	9.240000	nef_distance_restraint_list_AMBER_distance_restraints_1:107;nef_distance_restraint_list_AMBER_distance_restraints_1:109	
X	5	C8	X	20	N1	8.400000	8.400000	nef_distance_restraint_list_AMBER_distance_restraints_1:111	
X	5	C8	X	21	N1	8.400000	8.400000	nef_distance_restraint_list_AMBER_distance_restraints_1:112	
X	5	N1	X	9	C8	8.400000	8.400000	nef_distance_restraint_list_AMBER_distance_restraints_1:188	
X	5	N1	X	10	C8	8.400000	8.400000	nef_distance_restraint_list_AMBER_distance_restraints_1:211	
X	5	N1	X	10	O6	3.050000	3.050000	nef_distance_restraint_list_AMBER_distance_restraints_2:19;nef_distance_restraint_list_AMBER_distance_restraints_2:20	
X	5	N2	X	10	N7	3.000000	3.000000	nef_distance_restraint_list_AMBER_distance_restraints_2:18	
X	5	N7	X	20	N2	3.000000	3.000000	nef_distance_restraint_list_AMBER_distance_restraints_2:30	
X	5	O6	X	20	N1	3.050000	3.050000	nef_distance_restraint_list_AMBER_distance_restraints_2:31;nef_distance_restraint_list_AMBER_distance_restraints_2:32	
X	6	C1'	X	6	C2'	6.240000	6.240000	nef_distance_restraint_list_AMBER_distance_restraints_1:114;nef_distance_restraint_list_AMBER_distance_restraints_1:116	
X	6	C1'	X	6	C3'	7.740000	7.740000	nef_distance_restraint_list_AMBER_distance_restraints_1:118	
X	6	C1'	X	6	C4'	6.240000	6.240000	nef_distance_restraint_list_AMBER_distance_restraints_1:121	
X	6	C1'	X	6	C5'	9.240000	9.240000	nef_distance_restraint_list_AMBER_distance_restraints_1:125;nef_distance_restraint_list_AMBER_distance_restraints_1:127	
X	6	C1'	X	6	C8	7.740000	7.740000	nef_distance_restraint_list_AMBER_distance_restraints_1:113	
X	6	C1'	X	7	C3'	9.240000	9.240000	nef_distance_restraint_list_AMBER_distance_restraints_1:138	
X	6	C1'	X	24	C1'	9.240000	9.240000	nef_distance_restraint_list_AMBER_distance_restraints_1:483	
X	6	C1'	X	24	C3'	9.240000	9.240000	nef_distance_restraint_list_AMBER_distance_restraints_1:494	
X	6	C2'	X	6	C8	6.240000	6.240000	nef_distance_restraint_list_AMBER_distance_restraints_1:115;nef_distance_restraint_list_AMBER_distance_restraints_1:117	
X	6	C3'	X	6	C8	7.740000	7.740000	nef_distance_restraint_list_AMBER_distance_restraints_1:119	
X	6	C3'	X	7	C6	9.240000	9.240000	nef_distance_restraint_list_AMBER_distance_restraints_1:120	
X	6	C4'	X	6	C8	9.240000	9.240000	nef_distance_restraint_list_AMBER_distance_restraints_1:122	
X	6	C4'	X	7	C1'	9.240000	9.240000	nef_distance_restraint_list_AMBER_distance_restraints_1:123	
X	6	C4'	X	7	C6	9.240000	9.240000	nef_distance_restraint_list_AMBER_distance_restraints_1:124	
X	6	C5'	X	6	C8	7.740000	7.740000	nef_distance_restraint_list_AMBER_distance_restraints_1:126;nef_distance_restraint_list_AMBER_distance_restraints_1:128	
X	6	C8	X	21	N1	8.400000	8.400000	nef_distance_restraint_list_AMBER_distance_restraints_1:129	
X	6	C8	X	24	C1'	9.240000	9.240000	nef_distance_restraint_list_AMBER_distance_restraints_1:484	
X	6	C8	X	24	C2'	9.240000	9.240000	nef_distance_restraint_list_AMBER_distance_restraints_1:487;nef_distance_restraint_list_AMBER_distance_restraints_1:491	
X	6	N1	X	10	C8	8.400000	8.400000	nef_distance_restraint_list_AMBER_distance_restraints_1:212	
X	6	N1	X	11	C8	8.400000	8.400000	nef_distance_restraint_list_AMBER_distance_restraints_1:233	
X	6	N1	X	11	O6	3.050000	3.050000	nef_distance_restraint_list_AMBER_distance_restraints_2:35;nef_distance_restraint_list_AMBER_distance_restraints_2:36	
X	6	N1	X	24	C1'	7.400000	7.400000	nef_distance_restraint_list_AMBER_distance_restraints_1:482	
X	6	N1	X	24	C2'	8.400000	8.400000	nef_distance_restraint_list_AMBER_distance_restraints_1:486;nef_distance_restraint_list_AMBER_distance_restraints_1:490	
X	6	N1	X	24	C6	8.400000	8.400000	nef_distance_restraint_list_AMBER_distance_restraints_1:499	
X	6	N1	X	24	C7	7.280000	7.280000	nef_distance_restraint_list_AMBER_distance_restraints_1:501	
X	6	N2	X	11	N7	3.000000	3.000000	nef_distance_restraint_list_AMBER_distance_restraints_2:34	
X	6	N7	X	21	N2	3.000000	3.000000	nef_distance_restraint_list_AMBER_distance_restraints_2:46	
X	6	O6	X	21	N1	3.050000	3.050000	nef_distance_restraint_list_AMBER_distance_restraints_2:47;nef_distance_restraint_list_AMBER_distance_restraints_2:48	
X	7	C1'	X	7	C2'	6.240000	6.240000	nef_distance_restraint_list_AMBER_distance_restraints_1:132;nef_distance_restraint_list_AMBER_distance_restraints_1:135	
X	7	C1'	X	7	C3'	7.740000	7.740000	nef_distance_restraint_list_AMBER_distance_restraints_1:139	
X	7	C1'	X	7	C4'	6.240000	6.240000	nef_distance_restraint_list_AMBER_distance_restraints_1:142	
X	7	C1'	X	7	C5'	9.240000	9.240000	nef_distance_restraint_list_AMBER_distance_restraints_1:146;nef_distance_restraint_list_AMBER_distance_restraints_1:149	
X	7	C1'	X	7	C6	7.740000	7.740000	nef_distance_restraint_list_AMBER_distance_restraints_1:130	
X	7	C1'	X	7	C7	8.620001	8.620000	nef_distance_restraint_list_AMBER_distance_restraints_1:152	
X	7	C1'	X	8	C6	7.740000	7.740000	nef_distance_restraint_list_AMBER_distance_restraints_1:131	
X	7	C2'	X	7	C6	6.240000	6.240000	nef_distance_restraint_list_AMBER_distance_restraints_1:133;nef_distance_restraint_list_AMBER_distance_restraints_1:136	
X	7	C2'	X	8	C6	9.240000	9.240000	nef_distance_restraint_list_AMBER_distance_restraints_1:134;nef_distance_restraint_list_AMBER_distance_restraints_1:137	
X	7	C3'	X	7	C6	7.740000	7.740000	nef_distance_restraint_list_AMBER_distance_restraints_1:140	
X	7	C3'	X	8	C6	9.240000	9.240000	nef_distance_restraint_list_AMBER_distance_restraints_1:141	
X	7	C4'	X	7	C6	7.740000	7.740000	nef_distance_restraint_list_AMBER_distance_restraints_1:143	
X	7	C4'	X	8	C1'	9.240000	9.240000	nef_distance_restraint_list_AMBER_distance_restraints_1:144	
X	7	C4'	X	8	C6	9.240000	9.240000	nef_distance_restraint_list_AMBER_distance_restraints_1:145	
X	7	C5'	X	7	C6	7.740000	7.740000	nef_distance_restraint_list_AMBER_distance_restraints_1:147;nef_distance_restraint_list_AMBER_distance_restraints_1:150	
X	7	C5'	X	8	C6	9.240000	9.240000	nef_distance_restraint_list_AMBER_distance_restraints_1:148;nef_distance_restraint_list_AMBER_distance_restraints_1:151	
X	7	C6	X	7	C7	5.120000	5.120000	nef_distance_restraint_list_AMBER_distance_restraints_1:153	
X	8	C1'	X	8	C2'	6.240000	6.240000	nef_distance_restraint_list_AMBER_distance_restraints_1:155;nef_distance_restraint_list_AMBER_distance_restraints_1:157	
X	8	C1'	X	8	C3'	7.740000	7.740000	nef_distance_restraint_list_AMBER_distance_restraints_1:159	
X	8	C1'	X	8	C4'	6.240000	6.240000	nef_distance_restraint_list_AMBER_distance_restraints_1:161	
X	8	C1'	X	8	C5'	9.240000	9.240000	nef_distance_restraint_list_AMBER_distance_restraints_1:165;nef_distance_restraint_list_AMBER_distance_restraints_1:167	
X	8	C1'	X	8	C6	7.740000	7.740000	nef_distance_restraint_list_AMBER_distance_restraints_1:154	
X	8	C2'	X	8	C6	6.240000	6.240000	nef_distance_restraint_list_AMBER_distance_restraints_1:156;nef_distance_restraint_list_AMBER_distance_restraints_1:158	
X	8	C3'	X	8	C6	7.740000	7.740000	nef_distance_restraint_list_AMBER_distance_restraints_1:160	
X	8	C4'	X	8	C6	9.240000	9.240000	nef_distance_restraint_list_AMBER_distance_restraints_1:162	
X	8	C4'	X	9	C8	9.240000	9.240000	nef_distance_restraint_list_AMBER_distance_restraints_1:163	
X	8	C5	X	8	C6	6.240000	6.240000	nef_distance_restraint_list_AMBER_distance_restraints_1:164	
X	8	C5'	X	8	C6	7.740000	7.740000	nef_distance_restraint_list_AMBER_distance_restraints_1:166;nef_distance_restraint_list_AMBER_distance_restraints_1:168	
X	9	C1'	X	9	C2'	6.240000	6.240000	nef_distance_restraint_list_AMBER_distance_restraints_1:172;nef_distance_restraint_list_AMBER_distance_restraints_1:175	
X	9	C1'	X	9	C3'	7.740000	7.740000	nef_distance_restraint_list_AMBER_distance_restraints_1:178	
X	9	C1'	X	9	C4'	6.240000	6.240000	nef_distance_restraint_list_AMBER_distance_restraints_1:181	
X	9	C1'	X	9	C5'	9.240000	9.240000	nef_distance_restraint_list_AMBER_distance_restraints_1:183;nef_distance_restraint_list_AMBER_distance_restraints_1:185	
X	9	C1'	X	9	C8	7.740000	7.740000	nef_distance_restraint_list_AMBER_distance_restraints_1:169	
X	9	C1'	X	10	C8	7.740000	7.740000	nef_distance_restraint_list_AMBER_distance_restraints_1:170	
X	9	C1'	X	12	C2	9.240000	9.240000	nef_distance_restraint_list_AMBER_distance_restraints_1:171	
X	9	C1'	X	14	C7	8.120001	8.120000	nef_distance_restraint_list_AMBER_distance_restraints_1:307	
X	9	C2'	X	9	C8	6.240000	6.240000	nef_distance_restraint_list_AMBER_distance_restraints_1:173;nef_distance_restraint_list_AMBER_distance_restraints_1:176	
X	9	C2'	X	10	C8	6.240000	6.240000	nef_distance_restraint_list_AMBER_distance_restraints_1:174;nef_distance_restraint_list_AMBER_distance_restraints_1:177	
X	9	C3'	X	9	C8	7.740000	7.740000	nef_distance_restraint_list_AMBER_distance_restraints_1:179	
X	9	C3'	X	10	C8	9.240000	9.240000	nef_distance_restraint_list_AMBER_distance_restraints_1:180	
X	9	C4'	X	9	C8	9.240000	9.240000	nef_distance_restraint_list_AMBER_distance_restraints_1:182	
X	9	C4'	X	14	C7	8.120001	8.120000	nef_distance_restraint_list_AMBER_distance_restraints_1:308	
X	9	C5'	X	9	C8	7.740000	7.740000	nef_distance_restraint_list_AMBER_distance_restraints_1:184;nef_distance_restraint_list_AMBER_distance_restraints_1:186	
X	9	C5'	X	14	C7	8.120001	8.120000	nef_distance_restraint_list_AMBER_distance_restraints_1:309	
X	9	C8	X	10	C8	7.740000	7.740000	nef_distance_restraint_list_AMBER_distance_restraints_1:213	
X	9	N1	X	14	C2'	8.400000	8.400000	nef_distance_restraint_list_AMBER_distance_restraints_1:283;nef_distance_restraint_list_AMBER_distance_restraints_1:289	
X	9	N1	X	14	C6	8.400000	8.400000	nef_distance_restraint_list_AMBER_distance_restraints_1:304	
X	9	N1	X	15	C8	8.400000	8.400000	nef_distance_restraint_list_AMBER_distance_restraints_1:329	
X	9	N1	X	15	O6	3.050000	3.050000	nef_distance_restraint_list_AMBER_distance_restraints_2:7;nef_distance_restraint_list_AMBER_distance_restraints_2:8	
X	9	N2	X	15	N7	3.000000	3.000000	nef_distance_restraint_list_AMBER_distance_restraints_2:6	
X	10	C1'	X	10	C2'	6.240000	6.240000	nef_distance_restraint_list_AMBER_distance_restraints_1:192;nef_distance_restraint_list_AMBER_distance_restraints_1:195	
X	10	C1'	X	10	C3'	7.740000	7.740000	nef_distance_restraint_list_AMBER_distance_restraints_1:198	
X	10	C1'	X	10	C4'	6.240000	6.240000	nef_distance_restraint_list_AMBER_distance_restraints_1:201	
X	10	C1'	X	10	C5'	7.740000	7.740000	nef_distance_restraint_list_AMBER_distance_restraints_1:205;nef_distance_restraint_list_AMBER_distance_restraints_1:208	
X	10	C1'	X	10	C8	7.740000	7.740000	nef_distance_restraint_list_AMBER_distance_restraints_1:189	
X	10	C1'	X	11	C8	7.740000	7.740000	nef_distance_restraint_list_AMBER_distance_restraints_1:190	
X	10	C1'	X	12	C2	9.240000	9.240000	nef_distance_restraint_list_AMBER_distance_restraints_1:191	
X	10	C2'	X	10	C8	6.240000	6.240000	nef_distance_restraint_list_AMBER_distance_restraints_1:193;nef_distance_restraint_list_AMBER_distance_restraints_1:196	
X	10	C2'	X	11	C8	6.240000	6.240000	nef_distance_restraint_list_AMBER_distance_restraints_1:194;nef_distance_restraint_list_AMBER_distance_restraints_1:197	
X	10	C3'	X	10	C8	7.740000	7.740000	nef_distance_restraint_list_AMBER_distance_restraints_1:199	
X	10	C3'	X	11	C8	9.240000	9.240000	nef_distance_restraint_list_AMBER_distance_restraints_1:200	
X	10	C4'	X	10	C8	9.240000	9.240000	nef_distance_restraint_list_AMBER_distance_restraints_1:202	
X	10	C4'	X	12	C1'	9.240000	9.240000	nef_distance_restraint_list_AMBER_distance_restraints_1:203	
X	10	C4'	X	12	C2	9.240000	9.240000	nef_distance_restraint_list_AMBER_distance_restraints_1:204	
X	10	C5'	X	10	C8	9.240000	9.240000	nef_distance_restraint_list_AMBER_distance_restraints_1:206;nef_distance_restraint_list_AMBER_distance_restraints_1:209	
X	10	C5'	X	12	C2	9.240000	9.240000	nef_distance_restraint_list_AMBER_distance_restraints_1:207;nef_distance_restraint_list_AMBER_distance_restraints_1:210	
X	10	C8	X	11	C8	9.240000	9.240000	nef_distance_restraint_list_AMBER_distance_restraints_1:234	
X	10	N1	X	15	C8	8.400000	8.400000	nef_distance_restraint_list_AMBER_distance_restraints_1:330	
X	10	N1	X	16	C8	8.400000	8.400000	nef_distance_restraint_list_AMBER_distance_restraints_1:350	
X	10	N1	X	16	O6	3.050000	3.050000	nef_distance_restraint_list_AMBER_distance_restraints_2:23;nef_distance_restraint_list_AMBER_distance_restraints_2:24	
X	10	N2	X	16	N7	3.000000	3.000000	nef_distance_restraint_list_AMBER_distance_restraints_2:22	
X	11	C1'	X	11	C2'	6.240000	6.240000	nef_distance_restraint_list_AMBER_distance_restraints_1:216;nef_distance_restraint_list_AMBER_distance_restraints_1:218	
X	11	C1'	X	11	C3'	7.740000	7.740000	nef_distance_restraint_list_AMBER_distance_restraints_1:220	
X	11	C1'	X	11	C4'	6.240000	6.240000	nef_distance_restraint_list_AMBER_distance_restraints_1:222	
X	11	C1'	X	11	C5'	9.240000	9.240000	nef_distance_restraint_list_AMBER_distance_restraints_1:225;nef_distance_restraint_list_AMBER_distance_restraints_1:229	
X	11	C1'	X	11	C8	7.740000	7.740000	nef_distance_restraint_list_AMBER_distance_restraints_1:214	
X	11	C1'	X	12	C8	9.240000	9.240000	nef_distance_restraint_list_AMBER_distance_restraints_1:215	
X	11	C1'	X	24	C7	8.120001	8.120000	nef_distance_restraint_list_AMBER_distance_restraints_1:502	
X	11	C2'	X	11	C8	6.240000	6.240000	nef_distance_restraint_list_AMBER_distance_restraints_1:217;nef_distance_restraint_list_AMBER_distance_restraints_1:219	
X	11	C3'	X	11	C8	7.740000	7.740000	nef_distance_restraint_list_AMBER_distance_restraints_1:221	
X	11	C4'	X	11	C8	9.240000	9.240000	nef_distance_restraint_list_AMBER_distance_restraints_1:223	
X	11	C4'	X	12	C8	7.740000	7.740000	nef_distance_restraint_list_AMBER_distance_restraints_1:224	
X	11	C5'	X	11	C8	7.740000	7.740000	nef_distance_restraint_list_AMBER_distance_restraints_1:226;nef_distance_restraint_list_AMBER_distance_restraints_1:230	
X	11	C5'	X	12	C1'	9.740000	9.740000	nef_distance_restraint_list_AMBER_distance_restraints_1:227;nef_distance_restraint_list_AMBER_distance_restraints_1:231	
X	11	C5'	X	12	C8	7.740000	7.740000	nef_distance_restraint_list_AMBER_distance_restraints_1:228;nef_distance_restraint_list_AMBER_distance_restraints_1:232	
X	11	C8	X	24	C6	7.740000	7.740000	nef_distance_restraint_list_AMBER_distance_restraints_1:500	
X	11	C8	X	24	C7	8.120001	8.120000	nef_distance_restraint_list_AMBER_distance_restraints_1:503	
X	11	N1	X	16	C8	8.400000	8.400000	nef_distance_restraint_list_AMBER_distance_restraints_1:351	
X	11	N1	X	17	C8	8.400000	8.400000	nef_distance_restraint_list_AMBER_distance_restraints_1:366	
X	11	N1	X	17	O6	3.050000	3.050000	nef_distance_restraint_list_AMBER_distance_restraints_2:39;nef_distance_restraint_list_AMBER_distance_restraints_2:40	
X	11	N2	X	17	N7	3.000000	3.000000	nef_distance_restraint_list_AMBER_distance_restraints_2:38	
X	12	C1'	X	12	C2'	6.240000	6.240000	nef_distance_restraint_list_AMBER_distance_restraints_1:237;nef_distance_restraint_list_AMBER_distance_restraints_1:243	
X	12	C1'	X	12	C3'	7.740000	7.740000	nef_distance_restraint_list_AMBER_distance_restraints_1:247	
X	12	C1'	X	12	C4'	6.240000	6.240000	nef_distance_restraint_list_AMBER_distance_restraints_1:249	
X	12	C1'	X	12	C5'	9.240000	9.240000	nef_distance_restraint_list_AMBER_distance_restraints_1:251;nef_distance_restraint_list_AMBER_distance_restraints_1:253	
X	12	C1'	X	12	C8	7.740000	7.740000	nef_distance_restraint_list_AMBER_distance_restraints_1:235	
X	12	C1'	X	13	C2'	9.740000	9.740000	nef_distance_restraint_list_AMBER_distance_restraints_1:259;nef_distance_restraint_list_AMBER_distance_restraints_1:262	
X	12	C1'	X	13	C3'	9.240000	9.240000	nef_distance_restraint_list_AMBER_distance_restraints_1:265	
X	12	C1'	X	13	C4'	9.240000	9.240000	nef_distance_restraint_list_AMBER_distance_restraints_1:268	
X	12	C1'	X	13	C5'	9.240000	9.240000	nef_distance_restraint_list_AMBER_distance_restraints_1:274;nef_distance_restraint_list_AMBER_distance_restraints_1:277	
X	12	C1'	X	13	C6	9.240000	9.240000	nef_distance_restraint_list_AMBER_distance_restraints_1:236	
X	12	C2	X	13	C1'	9.240000	9.240000	nef_distance_restraint_list_AMBER_distance_restraints_1:255	
X	12	C2	X	13	C4'	9.240000	9.240000	nef_distance_restraint_list_AMBER_distance_restraints_1:269	
X	12	C2	X	14	C2'	9.240000	9.240000	nef_distance_restraint_list_AMBER_distance_restraints_1:284;nef_distance_restraint_list_AMBER_distance_restraints_1:290	
X	12	C2	X	14	C6	9.240000	9.240000	nef_distance_restraint_list_AMBER_distance_restraints_1:306	
X	12	C2	X	14	C7	6.620000	6.620000	nef_distance_restraint_list_AMBER_distance_restraints_1:310	
X	12	C2	X	15	C8	9.740000	9.740000	nef_distance_restraint_list_AMBER_distance_restraints_1:331	
X	12	C2'	X	12	C8	6.240000	6.240000	nef_distance_restraint_list_AMBER_distance_restraints_1:238;nef_distance_restraint_list_AMBER_distance_restraints_1:244	
X	12	C2'	X	13	C1'	9.240000	9.240000	nef_distance_restraint_list_AMBER_distance_restraints_1:239;nef_distance_restraint_list_AMBER_distance_restraints_1:242	
X	12	C2'	X	13	C5	9.240000	9.240000	nef_distance_restraint_list_AMBER_distance_restraints_1:240;nef_distance_restraint_list_AMBER_distance_restraints_1:245	
X	12	C2'	X	13	C6	9.240000	9.240000	nef_distance_restraint_list_AMBER_distance_restraints_1:241;nef_distance_restraint_list_AMBER_distance_restraints_1:246	
X	12	C3'	X	12	C8	7.740000	7.740000	nef_distance_restraint_list_AMBER_distance_restraints_1:248	
X	12	C4'	X	12	C8	9.240000	9.240000	nef_distance_restraint_list_AMBER_distance_restraints_1:250	
X	12	C5'	X	12	C8	7.740000	7.740000	nef_distance_restraint_list_AMBER_distance_restraints_1:252;nef_distance_restraint_list_AMBER_distance_restraints_1:254	
X	12	C8	X	13	C5	9.240000	9.240000	nef_distance_restraint_list_AMBER_distance_restraints_1:272	
X	12	C8	X	13	C6	9.240000	9.240000	nef_distance_restraint_list_AMBER_distance_restraints_1:280	
X	13	C1'	X	13	C2'	6.240000	6.240000	nef_distance_restraint_list_AMBER_distance_restraints_1:260;nef_distance_restraint_list_AMBER_distance_restraints_1:263	
X	13	C1'	X	13	C3'	7.740000	7.740000	nef_distance_restraint_list_AMBER_distance_restraints_1:266	
X	13	C1'	X	13	C4'	6.240000	6.240000	nef_distance_restraint_list_AMBER_distance_restraints_1:270	
X	13	C1'	X	13	C5'	9.240000	9.240000	nef_distance_restraint_list_AMBER_distance_restraints_1:275;nef_distance_restraint_list_AMBER_distance_restraints_1:278	
X	13	C1'	X	13	C6	7.740000	7.740000	nef_distance_restraint_list_AMBER_distance_restraints_1:256	
X	13	C1'	X	14	C2'	9.740000	9.740000	nef_distance_restraint_list_AMBER_distance_restraints_1:285	
X	13	C1'	X	14	C3'	9.240000	9.240000	nef_distance_restraint_list_AMBER_distance_restraints_1:294	
X	13	C1'	X	14	C6	9.740000	9.740000	nef_distance_restraint_list_AMBER_distance_restraints_1:257	
X	13	C1'	X	15	C8	9.740000	9.740000	nef_distance_restraint_list_AMBER_distance_restraints_1:258	
X	13	C2'	X	13	C6	6.240000	6.240000	nef_distance_restraint_list_AMBER_distance_restraints_1:261;nef_distance_restraint_list_AMBER_distance_restraints_1:264	
X	13	C3'	X	13	C6	7.740000	7.740000	nef_distance_restraint_list_AMBER_distance_restraints_1:267	
X	13	C4'	X	13	C6	9.240000	9.240000	nef_distance_restraint_list_AMBER_distance_restraints_1:271	
X	13	C5	X	13	C6	6.240000	6.240000	nef_distance_restraint_list_AMBER_distance_restraints_1:273	
X	13	C5'	X	13	C6	7.740000	7.740000	nef_distance_restraint_list_AMBER_distance_restraints_1:276;nef_distance_restraint_list_AMBER_distance_restraints_1:279	
X	14	C1'	X	14	C2'	6.240000	6.240000	nef_distance_restraint_list_AMBER_distance_restraints_1:286;nef_distance_restraint_list_AMBER_distance_restraints_1:291	
X	14	C1'	X	14	C3'	7.740000	7.740000	nef_distance_restraint_list_AMBER_distance_restraints_1:295	
X	14	C1'	X	14	C4'	6.240000	6.240000	nef_distance_restraint_list_AMBER_distance_restraints_1:298	
X	14	C1'	X	14	C5'	7.740000	7.740000	nef_distance_restraint_list_AMBER_distance_restraints_1:300;nef_distance_restraint_list_AMBER_distance_restraints_1:302	
X	14	C1'	X	14	C6	7.740000	7.740000	nef_distance_restraint_list_AMBER_distance_restraints_1:281	
X	14	C1'	X	15	C8	9.740000	9.740000	nef_distance_restraint_list_AMBER_distance_restraints_1:282	
X	14	C2'	X	14	C6	6.240000	6.240000	nef_distance_restraint_list_AMBER_distance_restraints_1:287;nef_distance_restraint_list_AMBER_distance_restraints_1:292	
X	14	C2'	X	15	C8	7.740000	7.740000	nef_distance_restraint_list_AMBER_distance_restraints_1:288;nef_distance_restraint_list_AMBER_distance_restraints_1:293	
X	14	C3'	X	14	C6	7.740000	7.740000	nef_distance_restraint_list_AMBER_distance_restraints_1:296	
X	14	C3'	X	15	C8	7.740000	7.740000	nef_distance_restraint_list_AMBER_distance_restraints_1:297	
X	14	C4'	X	14	C6	7.740000	7.740000	nef_distance_restraint_list_AMBER_distance_restraints_1:299	
X	14	C5'	X	14	C6	7.740000	7.740000	nef_distance_restraint_list_AMBER_distance_restraints_1:301;nef_distance_restraint_list_AMBER_distance_restraints_1:303	
X	14	C6	X	14	C7	5.120000	5.120000	nef_distance_restraint_list_AMBER_distance_restraints_1:311	
X	14	C6	X	15	C8	9.240000	9.240000	nef_distance_restraint_list_AMBER_distance_restraints_1:305	
X	15	C1'	X	15	C2'	6.240000	6.240000	nef_distance_restraint_list_AMBER_distance_restraints_1:314;nef_distance_restraint_list_AMBER_distance_restraints_1:317	
X	15	C1'	X	15	C3'	7.740000	7.740000	nef_distance_restraint_list_AMBER_distance_restraints_1:320	
X	15	C1'	X	15	C4'	6.240000	6.240000	nef_distance_restraint_list_AMBER_distance_restraints_1:323	
X	15	C1'	X	15	C5'	9.240000	9.240000	nef_distance_restraint_list_AMBER_distance_restraints_1:325;nef_distance_restraint_list_AMBER_distance_restraints_1:327	
X	15	C1'	X	15	C8	7.740000	7.740000	nef_distance_restraint_list_AMBER_distance_restraints_1:312	
X	15	C1'	X	16	C8	7.740000	7.740000	nef_distance_restraint_list_AMBER_distance_restraints_1:313	
X	15	C2'	X	15	C8	6.240000	6.240000	nef_distance_restraint_list_AMBER_distance_restraints_1:315;nef_distance_restraint_list_AMBER_distance_restraints_1:318	
X	15	C2'	X	16	C8	6.240000	6.240000	nef_distance_restraint_list_AMBER_distance_restraints_1:316;nef_distance_restraint_list_AMBER_distance_restraints_1:319	
X	15	C3'	X	15	C8	7.740000	7.740000	nef_distance_restraint_list_AMBER_distance_restraints_1:321	
X	15	C3'	X	16	C8	9.240000	9.240000	nef_distance_restraint_list_AMBER_distance_restraints_1:322	
X	15	C4'	X	15	C8	9.240000	9.240000	nef_distance_restraint_list_AMBER_distance_restraints_1:324	
X	15	C5'	X	15	C8	7.740000	7.740000	nef_distance_restraint_list_AMBER_distance_restraints_1:326;nef_distance_restraint_list_AMBER_distance_restraints_1:328	
X	15	C8	X	16	C8	7.740000	7.740000	nef_distance_restraint_list_AMBER_distance_restraints_1:352	
X	15	N1	X	19	C8	8.400000	8.400000	nef_distance_restraint_list_AMBER_distance_restraints_1:404	
X	15	N1	X	19	O6	3.050000	3.050000	nef_distance_restraint_list_AMBER_distance_restraints_2:11;nef_distance_restraint_list_AMBER_distance_restraints_2:12	
X	15	N2	X	19	N7	3.000000	3.000000	nef_distance_restraint_list_AMBER_distance_restraints_2:10	
X	16	C1'	X	16	C2'	6.240000	6.240000	nef_distance_restraint_list_AMBER_distance_restraints_1:334;nef_distance_restraint_list_AMBER_distance_restraints_1:337	
X	16	C1'	X	16	C3'	7.740000	7.740000	nef_distance_restraint_list_AMBER_distance_restraints_1:340	
X	16	C1'	X	16	C4'	6.240000	6.240000	nef_distance_restraint_list_AMBER_distance_restraints_1:343	
X	16	C1'	X	16	C5'	9.240000	9.240000	nef_distance_restraint_list_AMBER_distance_restraints_1:346;nef_distance_restraint_list_AMBER_distance_restraints_1:348	
X	16	C1'	X	16	C8	7.740000	7.740000	nef_distance_restraint_list_AMBER_distance_restraints_1:332	
X	16	C1'	X	17	C8	7.740000	7.740000	nef_distance_restraint_list_AMBER_distance_restraints_1:333	
X	16	C2'	X	16	C8	6.240000	6.240000	nef_distance_restraint_list_AMBER_distance_restraints_1:335;nef_distance_restraint_list_AMBER_distance_restraints_1:338	
X	16	C2'	X	17	C8	6.240000	6.240000	nef_distance_restraint_list_AMBER_distance_restraints_1:336;nef_distance_restraint_list_AMBER_distance_restraints_1:339	
X	16	C3'	X	16	C8	7.740000	7.740000	nef_distance_restraint_list_AMBER_distance_restraints_1:341	
X	16	C3'	X	17	C8	7.740000	7.740000	nef_distance_restraint_list_AMBER_distance_restraints_1:342	
X	16	C4'	X	16	C8	9.240000	9.240000	nef_distance_restraint_list_AMBER_distance_restraints_1:344	
X	16	C4'	X	17	C8	9.240000	9.240000	nef_distance_restraint_list_AMBER_distance_restraints_1:345	
X	16	C5'	X	16	C8	9.240000	9.240000	nef_distance_restraint_list_AMBER_distance_restraints_1:347;nef_distance_restraint_list_AMBER_distance_restraints_1:349	
X	16	N1	X	19	C8	8.400000	8.400000	nef_distance_restraint_list_AMBER_distance_restraints_1:405	
X	16	N1	X	20	C8	8.400000	8.400000	nef_distance_restraint_list_AMBER_distance_restraints_1:424	
X	16	N1	X	20	O6	3.050000	3.050000	nef_distance_restraint_list_AMBER_distance_restraints_2:27;nef_distance_restraint_list_AMBER_distance_restraints_2:28	
X	16	N2	X	20	N7	3.000000	3.000000	nef_distance_restraint_list_AMBER_distance_restraints_2:26	
X	17	C1'	X	17	C2'	6.240000	6.240000	nef_distance_restraint_list_AMBER_distance_restraints_1:354;nef_distance_restraint_list_AMBER_distance_restraints_1:356	
X	17	C1'	X	17	C3'	7.740000	7.740000	nef_distance_restraint_list_AMBER_distance_restraints_1:358	
X	17	C1'	X	17	C4'	6.240000	6.240000	nef_distance_restraint_list_AMBER_distance_restraints_1:360	
X	17	C1'	X	17	C5'	9.240000	9.240000	nef_distance_restraint_list_AMBER_distance_restraints_1:362;nef_distance_restraint_list_AMBER_distance_restraints_1:364	
X	17	C1'	X	17	C8	7.740000	7.740000	nef_distance_restraint_list_AMBER_distance_restraints_1:353	
X	17	C2'	X	17	C8	6.240000	6.240000	nef_distance_restraint_list_AMBER_distance_restraints_1:355;nef_distance_restraint_list_AMBER_distance_restraints_1:357	
X	17	C3'	X	17	C8	7.740000	7.740000	nef_distance_restraint_list_AMBER_distance_restraints_1:359	
X	17	C4'	X	17	C8	9.240000	9.240000	nef_distance_restraint_list_AMBER_distance_restraints_1:361	
X	17	C5'	X	17	C8	9.240000	9.240000	nef_distance_restraint_list_AMBER_distance_restraints_1:363;nef_distance_restraint_list_AMBER_distance_restraints_1:365	
X	17	N1	X	20	C8	8.400000	8.400000	nef_distance_restraint_list_AMBER_distance_restraints_1:425	
X	17	N1	X	21	C8	8.400000	8.400000	nef_distance_restraint_list_AMBER_distance_restraints_1:443	
X	17	N1	X	21	O6	3.050000	3.050000	nef_distance_restraint_list_AMBER_distance_restraints_2:43;nef_distance_restraint_list_AMBER_distance_restraints_2:44	
X	17	N1	X	22	C1'	7.400000	7.400000	nef_distance_restraint_list_AMBER_distance_restraints_1:446	
X	17	N2	X	21	N7	3.000000	3.000000	nef_distance_restraint_list_AMBER_distance_restraints_2:42	
X	18	C1'	X	18	C2'	6.240000	6.240000	nef_distance_restraint_list_AMBER_distance_restraints_1:368;nef_distance_restraint_list_AMBER_distance_restraints_1:370	
X	18	C1'	X	18	C3'	7.740000	7.740000	nef_distance_restraint_list_AMBER_distance_restraints_1:372	
X	18	C1'	X	18	C4'	6.240000	6.240000	nef_distance_restraint_list_AMBER_distance_restraints_1:375	
X	18	C1'	X	18	C5'	9.240000	9.240000	nef_distance_restraint_list_AMBER_distance_restraints_1:380;nef_distance_restraint_list_AMBER_distance_restraints_1:382	
X	18	C1'	X	18	C6	7.740000	7.740000	nef_distance_restraint_list_AMBER_distance_restraints_1:367	
X	18	C1'	X	19	C3'	9.240000	9.240000	nef_distance_restraint_list_AMBER_distance_restraints_1:393	
X	18	C2'	X	18	C6	6.240000	6.240000	nef_distance_restraint_list_AMBER_distance_restraints_1:369;nef_distance_restraint_list_AMBER_distance_restraints_1:371	
X	18	C3'	X	18	C6	7.740000	7.740000	nef_distance_restraint_list_AMBER_distance_restraints_1:373	
X	18	C3'	X	19	C8	9.240000	9.240000	nef_distance_restraint_list_AMBER_distance_restraints_1:374	
X	18	C4'	X	18	C6	9.240000	9.240000	nef_distance_restraint_list_AMBER_distance_restraints_1:376	
X	18	C4'	X	19	C1'	9.740000	9.740000	nef_distance_restraint_list_AMBER_distance_restraints_1:377	
X	18	C4'	X	19	C8	9.240000	9.240000	nef_distance_restraint_list_AMBER_distance_restraints_1:378	
X	18	C5	X	18	C6	6.240000	6.240000	nef_distance_restraint_list_AMBER_distance_restraints_1:379	
X	18	C5'	X	18	C6	7.740000	7.740000	nef_distance_restraint_list_AMBER_distance_restraints_1:381;nef_distance_restraint_list_AMBER_distance_restraints_1:383	
X	19	C1'	X	19	C2'	6.240000	6.240000	nef_distance_restraint_list_AMBER_distance_restraints_1:387;nef_distance_restraint_list_AMBER_distance_restraints_1:390	
X	19	C1'	X	19	C3'	7.740000	7.740000	nef_distance_restraint_list_AMBER_distance_restraints_1:394	
X	19	C1'	X	19	C4'	6.240000	6.240000	nef_distance_restraint_list_AMBER_distance_restraints_1:397	
X	19	C1'	X	19	C5'	9.240000	9.240000	nef_distance_restraint_list_AMBER_distance_restraints_1:400;nef_distance_restraint_list_AMBER_distance_restraints_1:402	
X	19	C1'	X	19	C8	7.740000	7.740000	nef_distance_restraint_list_AMBER_distance_restraints_1:385	
X	19	C1'	X	20	C8	7.740000	7.740000	nef_distance_restraint_list_AMBER_distance_restraints_1:386	
X	19	C2'	X	19	C8	6.240000	6.240000	nef_distance_restraint_list_AMBER_distance_restraints_1:388;nef_distance_restraint_list_AMBER_distance_restraints_1:391	
X	19	C2'	X	20	C8	6.240000	6.240000	nef_distance_restraint_list_AMBER_distance_restraints_1:389;nef_distance_restraint_list_AMBER_distance_restraints_1:392	
X	19	C3'	X	19	C8	7.740000	7.740000	nef_distance_restraint_list_AMBER_distance_restraints_1:395	
X	19	C3'	X	20	C8	7.740000	7.740000	nef_distance_restraint_list_AMBER_distance_restraints_1:396	
X	19	C4'	X	19	C8	9.240000	9.240000	nef_distance_restraint_list_AMBER_distance_restraints_1:398	
X	19	C4'	X	20	C8	9.240000	9.240000	nef_distance_restraint_list_AMBER_distance_restraints_1:399	
X	19	C5'	X	19	C8	7.740000	7.740000	nef_distance_restraint_list_AMBER_distance_restraints_1:401;nef_distance_restraint_list_AMBER_distance_restraints_1:403	
X	20	C1'	X	20	C2'	6.240000	6.240000	nef_distance_restraint_list_AMBER_distance_restraints_1:408;nef_distance_restraint_list_AMBER_distance_restraints_1:411	
X	20	C1'	X	20	C3'	7.740000	7.740000	nef_distance_restraint_list_AMBER_distance_restraints_1:414	
X	20	C1'	X	20	C4'	6.240000	6.240000	nef_distance_restraint_list_AMBER_distance_restraints_1:417	
X	20	C1'	X	20	C5'	9.240000	9.240000	nef_distance_restraint_list_AMBER_distance_restraints_1:420;nef_distance_restraint_list_AMBER_distance_restraints_1:422	
X	20	C1'	X	20	C8	7.740000	7.740000	nef_distance_restraint_list_AMBER_distance_restraints_1:406	
X	20	C1'	X	21	C8	7.740000	7.740000	nef_distance_restraint_list_AMBER_distance_restraints_1:407	
X	20	C2'	X	20	C8	6.240000	6.240000	nef_distance_restraint_list_AMBER_distance_restraints_1:409;nef_distance_restraint_list_AMBER_distance_restraints_1:412	
X	20	C2'	X	21	C8	6.240000	6.240000	nef_distance_restraint_list_AMBER_distance_restraints_1:410;nef_distance_restraint_list_AMBER_distance_restraints_1:413	
X	20	C3'	X	20	C8	7.740000	7.740000	nef_distance_restraint_list_AMBER_distance_restraints_1:415	
X	20	C3'	X	21	C8	7.740000	7.740000	nef_distance_restraint_list_AMBER_distance_restraints_1:416	
X	20	C4'	X	20	C8	9.240000	9.240000	nef_distance_restraint_list_AMBER_distance_restraints_1:418	
X	20	C4'	X	21	C8	9.240000	9.240000	nef_distance_restraint_list_AMBER_distance_restraints_1:419	
X	20	C5'	X	20	C8	9.240000	9.240000	nef_distance_restraint_list_AMBER_distance_restraints_1:421;nef_distance_restraint_list_AMBER_distance_restraints_1:423	
X	20	C8	X	21	C8	9.240000	9.240000	nef_distance_restraint_list_AMBER_distance_restraints_1:444	
X	21	C1'	X	21	C2'	6.240000	6.240000	nef_distance_restraint_list_AMBER_distance_restraints_1:428;nef_distance_restraint_list_AMBER_distance_restraints_1:431	
X	21	C1'	X	21	C3'	7.740000	7.740000	nef_distance_restraint_list_AMBER_distance_restraints_1:434	
X	21	C1'	X	21	C4'	6.240000	6.240000	nef_distance_restraint_list_AMBER_distance_restraints_1:437	
X	21	C1'	X	21	C5'	9.240000	9.240000	nef_distance_restraint_list_AMBER_distance_restraints_1:439;nef_distance_restraint_list_AMBER_distance_restraints_1:441	
X	21	C1'	X	21	C8	7.740000	7.740000	nef_distance_restraint_list_AMBER_distance_restraints_1:426	
X	21	C1'	X	22	C5'	9.240000	9.240000	nef_distance_restraint_list_AMBER_distance_restraints_1:463;nef_distance_restraint_list_AMBER_distance_restraints_1:465	
X	21	C1'	X	22	C8	7.740000	7.740000	nef_distance_restraint_list_AMBER_distance_restraints_1:427	
X	21	C2'	X	21	C8	6.240000	6.240000	nef_distance_restraint_list_AMBER_distance_restraints_1:429;nef_distance_restraint_list_AMBER_distance_restraints_1:432	
X	21	C2'	X	22	C8	6.240000	6.240000	nef_distance_restraint_list_AMBER_distance_restraints_1:430;nef_distance_restraint_list_AMBER_distance_restraints_1:433	
X	21	C3'	X	21	C8	7.740000	7.740000	nef_distance_restraint_list_AMBER_distance_restraints_1:435	
X	21	C3'	X	22	C8	7.740000	7.740000	nef_distance_restraint_list_AMBER_distance_restraints_1:436	
X	21	C4'	X	21	C8	9.240000	9.240000	nef_distance_restraint_list_AMBER_distance_restraints_1:438	
X	21	C5'	X	21	C8	9.240000	9.240000	nef_distance_restraint_list_AMBER_distance_restraints_1:440;nef_distance_restraint_list_AMBER_distance_restraints_1:442	
X	21	C8	X	22	C1'	9.240000	9.240000	nef_distance_restraint_list_AMBER_distance_restraints_1:447	
X	21	C8	X	22	C8	7.740000	7.740000	nef_distance_restraint_list_AMBER_distance_restraints_1:445	
X	21	N1	X	22	C1'	8.400000	8.400000	nef_distance_restraint_list_AMBER_distance_restraints_1:448	
X	22	C1'	X	22	C2'	6.240000	6.240000	nef_distance_restraint_list_AMBER_distance_restraints_1:451;nef_distance_restraint_list_AMBER_distance_restraints_1:454	
X	22	C1'	X	22	C3'	7.740000	7.740000	nef_distance_restraint_list_AMBER_distance_restraints_1:457	
X	22	C1'	X	22	C4'	6.240000	6.240000	nef_distance_restraint_list_AMBER_distance_restraints_1:460	
X	22	C1'	X	22	C8	7.740000	7.740000	nef_distance_restraint_list_AMBER_distance_restraints_1:449	
X	22	C1'	X	23	C4'	9.240000	9.240000	nef_distance_restraint_list_AMBER_distance_restraints_1:475	
X	22	C1'	X	23	C6	7.740000	7.740000	nef_distance_restraint_list_AMBER_distance_restraints_1:450	
X	22	C2'	X	22	C8	6.240000	6.240000	nef_distance_restraint_list_AMBER_distance_restraints_1:452;nef_distance_restraint_list_AMBER_distance_restraints_1:455	
X	22	C2'	X	23	C6	7.740000	7.740000	nef_distance_restraint_list_AMBER_distance_restraints_1:453;nef_distance_restraint_list_AMBER_distance_restraints_1:456	
X	22	C3'	X	22	C8	7.740000	7.740000	nef_distance_restraint_list_AMBER_distance_restraints_1:458	
X	22	C3'	X	23	C6	7.740000	7.740000	nef_distance_restraint_list_AMBER_distance_restraints_1:459	
X	22	C4'	X	22	C8	9.240000	9.240000	nef_distance_restraint_list_AMBER_distance_restraints_1:461	
X	22	C4'	X	23	C6	9.240000	9.240000	nef_distance_restraint_list_AMBER_distance_restraints_1:462	
X	22	C5'	X	22	C8	7.740000	7.740000	nef_distance_restraint_list_AMBER_distance_restraints_1:464;nef_distance_restraint_list_AMBER_distance_restraints_1:466	
X	22	C8	X	23	C6	9.240000	9.240000	nef_distance_restraint_list_AMBER_distance_restraints_1:479	
X	22	C8	X	23	C7	8.120001	8.120000	nef_distance_restraint_list_AMBER_distance_restraints_1:480	
X	23	C1'	X	23	C2'	6.240000	6.240000	nef_distance_restraint_list_AMBER_distance_restraints_1:469;nef_distance_restraint_list_AMBER_distance_restraints_1:471	
X	23	C1'	X	23	C3'	7.740000	7.740000	nef_distance_restraint_list_AMBER_distance_restraints_1:473	
X	23	C1'	X	23	C4'	6.240000	6.240000	nef_distance_restraint_list_AMBER_distance_restraints_1:476	
X	23	C1'	X	23	C6	7.740000	7.740000	nef_distance_restraint_list_AMBER_distance_restraints_1:467	
X	23	C1'	X	24	C6	9.240000	9.240000	nef_distance_restraint_list_AMBER_distance_restraints_1:468	
X	23	C1'	X	24	C7	6.620000	6.620000	nef_distance_restraint_list_AMBER_distance_restraints_1:504	
X	23	C2'	X	23	C6	6.240000	6.240000	nef_distance_restraint_list_AMBER_distance_restraints_1:470;nef_distance_restraint_list_AMBER_distance_restraints_1:472	
X	23	C3'	X	23	C6	7.740000	7.740000	nef_distance_restraint_list_AMBER_distance_restraints_1:474	
X	23	C4'	X	23	C6	7.740000	7.740000	nef_distance_restraint_list_AMBER_distance_restraints_1:477	
X	23	C4'	X	24	C6	7.740000	7.740000	nef_distance_restraint_list_AMBER_distance_restraints_1:478	
X	23	C6	X	23	C7	5.120000	5.120000	nef_distance_restraint_list_AMBER_distance_restraints_1:481	
X	24	C1'	X	24	C2'	6.240000	6.240000	nef_distance_restraint_list_AMBER_distance_restraints_1:488;nef_distance_restraint_list_AMBER_distance_restraints_1:492	
X	24	C1'	X	24	C3'	7.740000	7.740000	nef_distance_restraint_list_AMBER_distance_restraints_1:495	
X	24	C1'	X	24	C4'	6.240000	6.240000	nef_distance_restraint_list_AMBER_distance_restraints_1:497	
X	24	C1'	X	24	C6	7.740000	7.740000	nef_distance_restraint_list_AMBER_distance_restraints_1:485	
X	24	C2'	X	24	C6	6.240000	6.240000	nef_distance_restraint_list_AMBER_distance_restraints_1:489;nef_distance_restraint_list_AMBER_distance_restraints_1:493	
X	24	C3'	X	24	C6	6.240000	6.240000	nef_distance_restraint_list_AMBER_distance_restraints_1:496	
X	24	C4'	X	24	C6	7.740000	7.740000	nef_distance_restraint_list_AMBER_distance_restraints_1:498	
X	24	C6	X	24	C7	5.120000	5.120000	nef_distance_restraint_list_AMBER_distance_restraints_1:505	
