group_id	reason	details	row_ids	endpoint
nef_distance_restraint_list_XPLOR-NIH_distance_restraints_1:1	sequence_residue_mismatch	restraint endpoint A:19:ALA:HB1 declares residue ALA, but its resolved sequence record is A:16 (LEU)	1	A:19:ALA:HB1 -- B:855:VAL:HG11
nef_distance_restraint_list_XPLOR-NIH_distance_restraints_1:1	sequence_residue_mismatch	restraint endpoint A:19:ALA:HB1 declares residue ALA, but its resolved sequence record is A:16 (LEU)	2	A:19:ALA:HB1 -- B:855:VAL:HG12
nef_distance_restraint_list_XPLOR-NIH_distance_restraints_1:1	sequence_residue_mismatch	restraint endpoint A:19:ALA:HB1 declares residue ALA, but its resolved sequence record is A:16 (LEU)	3	A:19:ALA:HB1 -- B:855:VAL:HG13
nef_distance_restraint_list_XPLOR-NIH_distance_restraints_1:1	sequence_residue_mismatch	restraint endpoint A:19:ALA:HBy declares residue ALA, but its resolved sequence record is A:16 (LEU)	4	A:19:ALA:HBy -- B:855:VAL:HG11
nef_distance_restraint_list_XPLOR-NIH_distance_restraints_1:1	sequence_residue_mismatch	restraint endpoint A:19:ALA:HBy declares residue ALA, but its resolved sequence record is A:16 (LEU)	5	A:19:ALA:HBy -- B:855:VAL:HG12
nef_distance_restraint_list_XPLOR-NIH_distance_restraints_1:1	sequence_residue_mismatch	restraint endpoint A:19:ALA:HBy declares residue ALA, but its resolved sequence record is A:16 (LEU)	6	A:19:ALA:HBy -- B:855:VAL:HG13
nef_distance_restraint_list_XPLOR-NIH_distance_restraints_1:1	sequence_residue_mismatch	restraint endpoint A:19:ALA:HBx declares residue ALA, but its resolved sequence record is A:16 (LEU)	7	A:19:ALA:HBx -- B:855:VAL:HG11
nef_distance_restraint_list_XPLOR-NIH_distance_restraints_1:1	sequence_residue_mismatch	restraint endpoint A:19:ALA:HBx declares residue ALA, but its resolved sequence record is A:16 (LEU)	8	A:19:ALA:HBx -- B:855:VAL:HG12
nef_distance_restraint_list_XPLOR-NIH_distance_restraints_1:1	sequence_residue_mismatch	restraint endpoint A:19:ALA:HBx declares residue ALA, but its resolved sequence record is A:16 (LEU)	9	A:19:ALA:HBx -- B:855:VAL:HG13
nef_distance_restraint_list_XPLOR-NIH_distance_restraints_1:2	sequence_residue_mismatch	restraint endpoint A:19:ALA:HB1 declares residue ALA, but its resolved sequence record is A:16 (LEU)	10	A:19:ALA:HB1 -- B:858:TRP:HE3
nef_distance_restraint_list_XPLOR-NIH_distance_restraints_1:2	sequence_residue_mismatch	restraint endpoint A:19:ALA:HBy declares residue ALA, but its resolved sequence record is A:16 (LEU)	11	A:19:ALA:HBy -- B:858:TRP:HE3
nef_distance_restraint_list_XPLOR-NIH_distance_restraints_1:2	sequence_residue_mismatch	restraint endpoint A:19:ALA:HBx declares residue ALA, but its resolved sequence record is A:16 (LEU)	12	A:19:ALA:HBx -- B:858:TRP:HE3
nef_distance_restraint_list_XPLOR-NIH_distance_restraints_1:3	sequence_residue_mismatch	restraint endpoint A:22:LEU:HD11 declares residue LEU, but its resolved sequence record is A:19 (LYS)	13	A:22:LEU:HD11 -- B:851:ALA:HB1
nef_distance_restraint_list_XPLOR-NIH_distance_restraints_1:3	sequence_residue_mismatch	restraint endpoint A:22:LEU:HD11 declares residue LEU, but its resolved sequence record is A:19 (LYS)	14	A:22:LEU:HD11 -- B:851:ALA:HB2
nef_distance_restraint_list_XPLOR-NIH_distance_restraints_1:3	sequence_residue_mismatch	restraint endpoint A:22:LEU:HD11 declares residue LEU, but its resolved sequence record is A:19 (LYS)	15	A:22:LEU:HD11 -- B:851:ALA:HB3
nef_distance_restraint_list_XPLOR-NIH_distance_restraints_1:3	sequence_residue_mismatch	restraint endpoint A:22:LEU:HD12 declares residue LEU, but its resolved sequence record is A:19 (LYS)	16	A:22:LEU:HD12 -- B:851:ALA:HB1
nef_distance_restraint_list_XPLOR-NIH_distance_restraints_1:3	sequence_residue_mismatch	restraint endpoint A:22:LEU:HD12 declares residue LEU, but its resolved sequence record is A:19 (LYS)	17	A:22:LEU:HD12 -- B:851:ALA:HB2
nef_distance_restraint_list_XPLOR-NIH_distance_restraints_1:3	sequence_residue_mismatch	restraint endpoint A:22:LEU:HD12 declares residue LEU, but its resolved sequence record is A:19 (LYS)	18	A:22:LEU:HD12 -- B:851:ALA:HB3
nef_distance_restraint_list_XPLOR-NIH_distance_restraints_1:3	sequence_residue_mismatch	restraint endpoint A:22:LEU:HD13 declares residue LEU, but its resolved sequence record is A:19 (LYS)	19	A:22:LEU:HD13 -- B:851:ALA:HB1
nef_distance_restraint_list_XPLOR-NIH_distance_restraints_1:3	sequence_residue_mismatch	restraint endpoint A:22:LEU:HD13 declares residue LEU, but its resolved sequence record is A:19 (LYS)	20	A:22:LEU:HD13 -- B:851:ALA:HB2
nef_distance_restraint_list_XPLOR-NIH_distance_restraints_1:3	sequence_residue_mismatch	restraint endpoint A:22:LEU:HD13 declares residue LEU, but its resolved sequence record is A:19 (LYS)	21	A:22:LEU:HD13 -- B:851:ALA:HB3
nef_distance_restraint_list_XPLOR-NIH_distance_restraints_1:4	sequence_residue_mismatch	restraint endpoint A:22:LEU:HD11 declares residue LEU, but its resolved sequence record is A:19 (LYS)	22	A:22:LEU:HD11 -- B:855:VAL:HG11
nef_distance_restraint_list_XPLOR-NIH_distance_restraints_1:4	sequence_residue_mismatch	restraint endpoint A:22:LEU:HD11 declares residue LEU, but its resolved sequence record is A:19 (LYS)	23	A:22:LEU:HD11 -- B:855:VAL:HG12
nef_distance_restraint_list_XPLOR-NIH_distance_restraints_1:4	sequence_residue_mismatch	restraint endpoint A:22:LEU:HD11 declares residue LEU, but its resolved sequence record is A:19 (LYS)	24	A:22:LEU:HD11 -- B:855:VAL:HG13
nef_distance_restraint_list_XPLOR-NIH_distance_restraints_1:4	sequence_residue_mismatch	restraint endpoint A:22:LEU:HD12 declares residue LEU, but its resolved sequence record is A:19 (LYS)	25	A:22:LEU:HD12 -- B:855:VAL:HG11
nef_distance_restraint_list_XPLOR-NIH_distance_restraints_1:4	sequence_residue_mismatch	restraint endpoint A:22:LEU:HD12 declares residue LEU, but its resolved sequence record is A:19 (LYS)	26	A:22:LEU:HD12 -- B:855:VAL:HG12
nef_distance_restraint_list_XPLOR-NIH_distance_restraints_1:4	sequence_residue_mismatch	restraint endpoint A:22:LEU:HD12 declares residue LEU, but its resolved sequence record is A:19 (LYS)	27	A:22:LEU:HD12 -- B:855:VAL:HG13
nef_distance_restraint_list_XPLOR-NIH_distance_restraints_1:4	sequence_residue_mismatch	restraint endpoint A:22:LEU:HD13 declares residue LEU, but its resolved sequence record is A:19 (LYS)	28	A:22:LEU:HD13 -- B:855:VAL:HG11
nef_distance_restraint_list_XPLOR-NIH_distance_restraints_1:4	sequence_residue_mismatch	restraint endpoint A:22:LEU:HD13 declares residue LEU, but its resolved sequence record is A:19 (LYS)	29	A:22:LEU:HD13 -- B:855:VAL:HG12
nef_distance_restraint_list_XPLOR-NIH_distance_restraints_1:4	sequence_residue_mismatch	restraint endpoint A:22:LEU:HD13 declares residue LEU, but its resolved sequence record is A:19 (LYS)	30	A:22:LEU:HD13 -- B:855:VAL:HG13
nef_distance_restraint_list_XPLOR-NIH_distance_restraints_1:5	sequence_residue_mismatch	restraint endpoint A:22:LEU:HD11 declares residue LEU, but its resolved sequence record is A:19 (LYS)	31	A:22:LEU:HD11 -- B:855:VAL:HG21
nef_distance_restraint_list_XPLOR-NIH_distance_restraints_1:5	sequence_residue_mismatch	restraint endpoint A:22:LEU:HD11 declares residue LEU, but its resolved sequence record is A:19 (LYS)	32	A:22:LEU:HD11 -- B:855:VAL:HG22
nef_distance_restraint_list_XPLOR-NIH_distance_restraints_1:5	sequence_residue_mismatch	restraint endpoint A:22:LEU:HD11 declares residue LEU, but its resolved sequence record is A:19 (LYS)	33	A:22:LEU:HD11 -- B:855:VAL:HG23
nef_distance_restraint_list_XPLOR-NIH_distance_restraints_1:5	sequence_residue_mismatch	restraint endpoint A:22:LEU:HD12 declares residue LEU, but its resolved sequence record is A:19 (LYS)	34	A:22:LEU:HD12 -- B:855:VAL:HG21
nef_distance_restraint_list_XPLOR-NIH_distance_restraints_1:5	sequence_residue_mismatch	restraint endpoint A:22:LEU:HD12 declares residue LEU, but its resolved sequence record is A:19 (LYS)	35	A:22:LEU:HD12 -- B:855:VAL:HG22
nef_distance_restraint_list_XPLOR-NIH_distance_restraints_1:5	sequence_residue_mismatch	restraint endpoint A:22:LEU:HD12 declares residue LEU, but its resolved sequence record is A:19 (LYS)	36	A:22:LEU:HD12 -- B:855:VAL:HG23
nef_distance_restraint_list_XPLOR-NIH_distance_restraints_1:5	sequence_residue_mismatch	restraint endpoint A:22:LEU:HD13 declares residue LEU, but its resolved sequence record is A:19 (LYS)	37	A:22:LEU:HD13 -- B:855:VAL:HG21
nef_distance_restraint_list_XPLOR-NIH_distance_restraints_1:5	sequence_residue_mismatch	restraint endpoint A:22:LEU:HD13 declares residue LEU, but its resolved sequence record is A:19 (LYS)	38	A:22:LEU:HD13 -- B:855:VAL:HG22
nef_distance_restraint_list_XPLOR-NIH_distance_restraints_1:5	sequence_residue_mismatch	restraint endpoint A:22:LEU:HD13 declares residue LEU, but its resolved sequence record is A:19 (LYS)	39	A:22:LEU:HD13 -- B:855:VAL:HG23
nef_distance_restraint_list_XPLOR-NIH_distance_restraints_1:6	sequence_residue_mismatch	restraint endpoint A:22:LEU:HD21 declares residue LEU, but its resolved sequence record is A:19 (LYS)	40	A:22:LEU:HD21 -- B:851:ALA:HB1
nef_distance_restraint_list_XPLOR-NIH_distance_restraints_1:6	sequence_residue_mismatch	restraint endpoint A:22:LEU:HD21 declares residue LEU, but its resolved sequence record is A:19 (LYS)	41	A:22:LEU:HD21 -- B:851:ALA:HB2
nef_distance_restraint_list_XPLOR-NIH_distance_restraints_1:6	sequence_residue_mismatch	restraint endpoint A:22:LEU:HD21 declares residue LEU, but its resolved sequence record is A:19 (LYS)	42	A:22:LEU:HD21 -- B:851:ALA:HB3
nef_distance_restraint_list_XPLOR-NIH_distance_restraints_1:6	sequence_residue_mismatch	restraint endpoint A:22:LEU:HD22 declares residue LEU, but its resolved sequence record is A:19 (LYS)	43	A:22:LEU:HD22 -- B:851:ALA:HB1
nef_distance_restraint_list_XPLOR-NIH_distance_restraints_1:6	sequence_residue_mismatch	restraint endpoint A:22:LEU:HD22 declares residue LEU, but its resolved sequence record is A:19 (LYS)	44	A:22:LEU:HD22 -- B:851:ALA:HB2
nef_distance_restraint_list_XPLOR-NIH_distance_restraints_1:6	sequence_residue_mismatch	restraint endpoint A:22:LEU:HD22 declares residue LEU, but its resolved sequence record is A:19 (LYS)	45	A:22:LEU:HD22 -- B:851:ALA:HB3
nef_distance_restraint_list_XPLOR-NIH_distance_restraints_1:6	sequence_residue_mismatch	restraint endpoint A:22:LEU:HD23 declares residue LEU, but its resolved sequence record is A:19 (LYS)	46	A:22:LEU:HD23 -- B:851:ALA:HB1
nef_distance_restraint_list_XPLOR-NIH_distance_restraints_1:6	sequence_residue_mismatch	restraint endpoint A:22:LEU:HD23 declares residue LEU, but its resolved sequence record is A:19 (LYS)	47	A:22:LEU:HD23 -- B:851:ALA:HB2
nef_distance_restraint_list_XPLOR-NIH_distance_restraints_1:6	sequence_residue_mismatch	restraint endpoint A:22:LEU:HD23 declares residue LEU, but its resolved sequence record is A:19 (LYS)	48	A:22:LEU:HD23 -- B:851:ALA:HB3
nef_distance_restraint_list_XPLOR-NIH_distance_restraints_1:7	sequence_residue_mismatch	restraint endpoint A:31:ILE:HD11 declares residue ILE, but its resolved sequence record is A:28 (LYS)	49	A:31:ILE:HD11 -- B:858:TRP:HH2
nef_distance_restraint_list_XPLOR-NIH_distance_restraints_1:7	sequence_residue_mismatch	restraint endpoint A:31:ILE:HD12 declares residue ILE, but its resolved sequence record is A:28 (LYS)	50	A:31:ILE:HD12 -- B:858:TRP:HH2
nef_distance_restraint_list_XPLOR-NIH_distance_restraints_1:7	sequence_residue_mismatch	restraint endpoint A:31:ILE:HD13 declares residue ILE, but its resolved sequence record is A:28 (LYS)	51	A:31:ILE:HD13 -- B:858:TRP:HH2
nef_distance_restraint_list_XPLOR-NIH_distance_restraints_1:8	sequence_residue_mismatch	restraint endpoint A:31:ILE:HD11 declares residue ILE, but its resolved sequence record is A:28 (LYS)	52	A:31:ILE:HD11 -- B:858:TRP:HZ3
nef_distance_restraint_list_XPLOR-NIH_distance_restraints_1:8	sequence_residue_mismatch	restraint endpoint A:31:ILE:HD12 declares residue ILE, but its resolved sequence record is A:28 (LYS)	53	A:31:ILE:HD12 -- B:858:TRP:HZ3
nef_distance_restraint_list_XPLOR-NIH_distance_restraints_1:8	sequence_residue_mismatch	restraint endpoint A:31:ILE:HD13 declares residue ILE, but its resolved sequence record is A:28 (LYS)	54	A:31:ILE:HD13 -- B:858:TRP:HZ3
nef_distance_restraint_list_XPLOR-NIH_distance_restraints_1:9	sequence_residue_mismatch	restraint endpoint A:36:LEU:HD11 declares residue LEU, but its resolved sequence record is A:33 (VAL)	55	A:36:LEU:HD11 -- B:858:TRP:HE3
nef_distance_restraint_list_XPLOR-NIH_distance_restraints_1:9	sequence_residue_mismatch	restraint endpoint A:36:LEU:HD12 declares residue LEU, but its resolved sequence record is A:33 (VAL)	56	A:36:LEU:HD12 -- B:858:TRP:HE3
nef_distance_restraint_list_XPLOR-NIH_distance_restraints_1:9	sequence_residue_mismatch	restraint endpoint A:36:LEU:HD13 declares residue LEU, but its resolved sequence record is A:33 (VAL)	57	A:36:LEU:HD13 -- B:858:TRP:HE3
nef_distance_restraint_list_XPLOR-NIH_distance_restraints_1:10	sequence_residue_mismatch	restraint endpoint A:36:LEU:HD11 declares residue LEU, but its resolved sequence record is A:33 (VAL)	58	A:36:LEU:HD11 -- B:858:TRP:HZ3
nef_distance_restraint_list_XPLOR-NIH_distance_restraints_1:10	sequence_residue_mismatch	restraint endpoint A:36:LEU:HD12 declares residue LEU, but its resolved sequence record is A:33 (VAL)	59	A:36:LEU:HD12 -- B:858:TRP:HZ3
nef_distance_restraint_list_XPLOR-NIH_distance_restraints_1:10	sequence_residue_mismatch	restraint endpoint A:36:LEU:HD13 declares residue LEU, but its resolved sequence record is A:33 (VAL)	60	A:36:LEU:HD13 -- B:858:TRP:HZ3
nef_distance_restraint_list_XPLOR-NIH_distance_restraints_1:11	sequence_residue_mismatch	restraint endpoint A:36:LEU:HD21 declares residue LEU, but its resolved sequence record is A:33 (VAL)	61	A:36:LEU:HD21 -- B:858:TRP:HE3
nef_distance_restraint_list_XPLOR-NIH_distance_restraints_1:11	sequence_residue_mismatch	restraint endpoint A:36:LEU:HD22 declares residue LEU, but its resolved sequence record is A:33 (VAL)	62	A:36:LEU:HD22 -- B:858:TRP:HE3
nef_distance_restraint_list_XPLOR-NIH_distance_restraints_1:11	sequence_residue_mismatch	restraint endpoint A:36:LEU:HD23 declares residue LEU, but its resolved sequence record is A:33 (VAL)	63	A:36:LEU:HD23 -- B:858:TRP:HE3
nef_distance_restraint_list_XPLOR-NIH_distance_restraints_1:12	sequence_residue_mismatch	restraint endpoint A:36:LEU:HD21 declares residue LEU, but its resolved sequence record is A:33 (VAL)	64	A:36:LEU:HD21 -- B:858:TRP:HZ3
nef_distance_restraint_list_XPLOR-NIH_distance_restraints_1:12	sequence_residue_mismatch	restraint endpoint A:36:LEU:HD22 declares residue LEU, but its resolved sequence record is A:33 (VAL)	65	A:36:LEU:HD22 -- B:858:TRP:HZ3
nef_distance_restraint_list_XPLOR-NIH_distance_restraints_1:12	sequence_residue_mismatch	restraint endpoint A:36:LEU:HD23 declares residue LEU, but its resolved sequence record is A:33 (VAL)	66	A:36:LEU:HD23 -- B:858:TRP:HZ3
nef_distance_restraint_list_XPLOR-NIH_distance_restraints_1:13	sequence_residue_mismatch	restraint endpoint A:40:MET:HE1 declares residue MET, but its resolved sequence record is A:37 (LEU)	67	A:40:MET:HE1 -- B:858:TRP:HE3
nef_distance_restraint_list_XPLOR-NIH_distance_restraints_1:13	sequence_residue_mismatch	restraint endpoint A:40:MET:HE2 declares residue MET, but its resolved sequence record is A:37 (LEU)	68	A:40:MET:HE2 -- B:858:TRP:HE3
nef_distance_restraint_list_XPLOR-NIH_distance_restraints_1:13	sequence_residue_mismatch	restraint endpoint A:40:MET:HE3 declares residue MET, but its resolved sequence record is A:37 (LEU)	69	A:40:MET:HE3 -- B:858:TRP:HE3
nef_distance_restraint_list_XPLOR-NIH_distance_restraints_1:14	sequence_residue_mismatch	restraint endpoint A:40:MET:HE1 declares residue MET, but its resolved sequence record is A:37 (LEU)	70	A:40:MET:HE1 -- B:858:TRP:HZ3
nef_distance_restraint_list_XPLOR-NIH_distance_restraints_1:14	sequence_residue_mismatch	restraint endpoint A:40:MET:HE2 declares residue MET, but its resolved sequence record is A:37 (LEU)	71	A:40:MET:HE2 -- B:858:TRP:HZ3
nef_distance_restraint_list_XPLOR-NIH_distance_restraints_1:14	sequence_residue_mismatch	restraint endpoint A:40:MET:HE3 declares residue MET, but its resolved sequence record is A:37 (LEU)	72	A:40:MET:HE3 -- B:858:TRP:HZ3
nef_distance_restraint_list_XPLOR-NIH_distance_restraints_1:15	sequence_residue_mismatch	restraint endpoint A:43:LEU:HD11 declares residue LEU, but its resolved sequence record is A:40 (ASN)	73	A:43:LEU:HD11 -- B:855:VAL:HG21
nef_distance_restraint_list_XPLOR-NIH_distance_restraints_1:15	sequence_residue_mismatch	restraint endpoint A:43:LEU:HD11 declares residue LEU, but its resolved sequence record is A:40 (ASN)	74	A:43:LEU:HD11 -- B:855:VAL:HG22
nef_distance_restraint_list_XPLOR-NIH_distance_restraints_1:15	sequence_residue_mismatch	restraint endpoint A:43:LEU:HD11 declares residue LEU, but its resolved sequence record is A:40 (ASN)	75	A:43:LEU:HD11 -- B:855:VAL:HG23
nef_distance_restraint_list_XPLOR-NIH_distance_restraints_1:15	sequence_residue_mismatch	restraint endpoint A:43:LEU:HD12 declares residue LEU, but its resolved sequence record is A:40 (ASN)	76	A:43:LEU:HD12 -- B:855:VAL:HG21
nef_distance_restraint_list_XPLOR-NIH_distance_restraints_1:15	sequence_residue_mismatch	restraint endpoint A:43:LEU:HD12 declares residue LEU, but its resolved sequence record is A:40 (ASN)	77	A:43:LEU:HD12 -- B:855:VAL:HG22
nef_distance_restraint_list_XPLOR-NIH_distance_restraints_1:15	sequence_residue_mismatch	restraint endpoint A:43:LEU:HD12 declares residue LEU, but its resolved sequence record is A:40 (ASN)	78	A:43:LEU:HD12 -- B:855:VAL:HG23
nef_distance_restraint_list_XPLOR-NIH_distance_restraints_1:15	sequence_residue_mismatch	restraint endpoint A:43:LEU:HD13 declares residue LEU, but its resolved sequence record is A:40 (ASN)	79	A:43:LEU:HD13 -- B:855:VAL:HG21
nef_distance_restraint_list_XPLOR-NIH_distance_restraints_1:15	sequence_residue_mismatch	restraint endpoint A:43:LEU:HD13 declares residue LEU, but its resolved sequence record is A:40 (ASN)	80	A:43:LEU:HD13 -- B:855:VAL:HG22
nef_distance_restraint_list_XPLOR-NIH_distance_restraints_1:15	sequence_residue_mismatch	restraint endpoint A:43:LEU:HD13 declares residue LEU, but its resolved sequence record is A:40 (ASN)	81	A:43:LEU:HD13 -- B:855:VAL:HG23
nef_distance_restraint_list_XPLOR-NIH_distance_restraints_1:16	sequence_residue_mismatch	restraint endpoint A:43:LEU:HD21 declares residue LEU, but its resolved sequence record is A:40 (ASN)	82	A:43:LEU:HD21 -- B:855:VAL:HG21
nef_distance_restraint_list_XPLOR-NIH_distance_restraints_1:16	sequence_residue_mismatch	restraint endpoint A:43:LEU:HD21 declares residue LEU, but its resolved sequence record is A:40 (ASN)	83	A:43:LEU:HD21 -- B:855:VAL:HG22
nef_distance_restraint_list_XPLOR-NIH_distance_restraints_1:16	sequence_residue_mismatch	restraint endpoint A:43:LEU:HD21 declares residue LEU, but its resolved sequence record is A:40 (ASN)	84	A:43:LEU:HD21 -- B:855:VAL:HG23
nef_distance_restraint_list_XPLOR-NIH_distance_restraints_1:16	sequence_residue_mismatch	restraint endpoint A:43:LEU:HD22 declares residue LEU, but its resolved sequence record is A:40 (ASN)	85	A:43:LEU:HD22 -- B:855:VAL:HG21
nef_distance_restraint_list_XPLOR-NIH_distance_restraints_1:16	sequence_residue_mismatch	restraint endpoint A:43:LEU:HD22 declares residue LEU, but its resolved sequence record is A:40 (ASN)	86	A:43:LEU:HD22 -- B:855:VAL:HG22
nef_distance_restraint_list_XPLOR-NIH_distance_restraints_1:16	sequence_residue_mismatch	restraint endpoint A:43:LEU:HD22 declares residue LEU, but its resolved sequence record is A:40 (ASN)	87	A:43:LEU:HD22 -- B:855:VAL:HG23
nef_distance_restraint_list_XPLOR-NIH_distance_restraints_1:16	sequence_residue_mismatch	restraint endpoint A:43:LEU:HD23 declares residue LEU, but its resolved sequence record is A:40 (ASN)	88	A:43:LEU:HD23 -- B:855:VAL:HG21
nef_distance_restraint_list_XPLOR-NIH_distance_restraints_1:16	sequence_residue_mismatch	restraint endpoint A:43:LEU:HD23 declares residue LEU, but its resolved sequence record is A:40 (ASN)	89	A:43:LEU:HD23 -- B:855:VAL:HG22
nef_distance_restraint_list_XPLOR-NIH_distance_restraints_1:16	sequence_residue_mismatch	restraint endpoint A:43:LEU:HD23 declares residue LEU, but its resolved sequence record is A:40 (ASN)	90	A:43:LEU:HD23 -- B:855:VAL:HG23
nef_distance_restraint_list_XPLOR-NIH_distance_restraints_1:17	sequence_residue_mismatch	restraint endpoint A:43:LEU:HD11 declares residue LEU, but its resolved sequence record is A:40 (ASN)	91	A:43:LEU:HD11 -- B:852:PHE:HDx
nef_distance_restraint_list_XPLOR-NIH_distance_restraints_1:17	sequence_residue_mismatch	restraint endpoint A:43:LEU:HD11 declares residue LEU, but its resolved sequence record is A:40 (ASN)	92	A:43:LEU:HD11 -- B:852:PHE:HDy
nef_distance_restraint_list_XPLOR-NIH_distance_restraints_1:17	sequence_residue_mismatch	restraint endpoint A:43:LEU:HD12 declares residue LEU, but its resolved sequence record is A:40 (ASN)	93	A:43:LEU:HD12 -- B:852:PHE:HDx
nef_distance_restraint_list_XPLOR-NIH_distance_restraints_1:17	sequence_residue_mismatch	restraint endpoint A:43:LEU:HD12 declares residue LEU, but its resolved sequence record is A:40 (ASN)	94	A:43:LEU:HD12 -- B:852:PHE:HDy
nef_distance_restraint_list_XPLOR-NIH_distance_restraints_1:17	sequence_residue_mismatch	restraint endpoint A:43:LEU:HD13 declares residue LEU, but its resolved sequence record is A:40 (ASN)	95	A:43:LEU:HD13 -- B:852:PHE:HDx
nef_distance_restraint_list_XPLOR-NIH_distance_restraints_1:17	sequence_residue_mismatch	restraint endpoint A:43:LEU:HD13 declares residue LEU, but its resolved sequence record is A:40 (ASN)	96	A:43:LEU:HD13 -- B:852:PHE:HDy
nef_distance_restraint_list_XPLOR-NIH_distance_restraints_1:18	sequence_residue_mismatch	restraint endpoint A:43:LEU:HD11 declares residue LEU, but its resolved sequence record is A:40 (ASN)	97	A:43:LEU:HD11 -- B:852:PHE:HEx
nef_distance_restraint_list_XPLOR-NIH_distance_restraints_1:18	sequence_residue_mismatch	restraint endpoint A:43:LEU:HD11 declares residue LEU, but its resolved sequence record is A:40 (ASN)	98	A:43:LEU:HD11 -- B:852:PHE:HEy
nef_distance_restraint_list_XPLOR-NIH_distance_restraints_1:18	sequence_residue_mismatch	restraint endpoint A:43:LEU:HD12 declares residue LEU, but its resolved sequence record is A:40 (ASN)	99	A:43:LEU:HD12 -- B:852:PHE:HEx
nef_distance_restraint_list_XPLOR-NIH_distance_restraints_1:18	sequence_residue_mismatch	restraint endpoint A:43:LEU:HD12 declares residue LEU, but its resolved sequence record is A:40 (ASN)	100	A:43:LEU:HD12 -- B:852:PHE:HEy
nef_distance_restraint_list_XPLOR-NIH_distance_restraints_1:18	sequence_residue_mismatch	restraint endpoint A:43:LEU:HD13 declares residue LEU, but its resolved sequence record is A:40 (ASN)	101	A:43:LEU:HD13 -- B:852:PHE:HEx
nef_distance_restraint_list_XPLOR-NIH_distance_restraints_1:18	sequence_residue_mismatch	restraint endpoint A:43:LEU:HD13 declares residue LEU, but its resolved sequence record is A:40 (ASN)	102	A:43:LEU:HD13 -- B:852:PHE:HEy
nef_distance_restraint_list_XPLOR-NIH_distance_restraints_1:19	sequence_residue_mismatch	restraint endpoint A:43:LEU:HD21 declares residue LEU, but its resolved sequence record is A:40 (ASN)	103	A:43:LEU:HD21 -- B:852:PHE:HDx
nef_distance_restraint_list_XPLOR-NIH_distance_restraints_1:19	sequence_residue_mismatch	restraint endpoint A:43:LEU:HD21 declares residue LEU, but its resolved sequence record is A:40 (ASN)	104	A:43:LEU:HD21 -- B:852:PHE:HDy
nef_distance_restraint_list_XPLOR-NIH_distance_restraints_1:19	sequence_residue_mismatch	restraint endpoint A:43:LEU:HD22 declares residue LEU, but its resolved sequence record is A:40 (ASN)	105	A:43:LEU:HD22 -- B:852:PHE:HDx
nef_distance_restraint_list_XPLOR-NIH_distance_restraints_1:19	sequence_residue_mismatch	restraint endpoint A:43:LEU:HD22 declares residue LEU, but its resolved sequence record is A:40 (ASN)	106	A:43:LEU:HD22 -- B:852:PHE:HDy
nef_distance_restraint_list_XPLOR-NIH_distance_restraints_1:19	sequence_residue_mismatch	restraint endpoint A:43:LEU:HD23 declares residue LEU, but its resolved sequence record is A:40 (ASN)	107	A:43:LEU:HD23 -- B:852:PHE:HDx
nef_distance_restraint_list_XPLOR-NIH_distance_restraints_1:19	sequence_residue_mismatch	restraint endpoint A:43:LEU:HD23 declares residue LEU, but its resolved sequence record is A:40 (ASN)	108	A:43:LEU:HD23 -- B:852:PHE:HDy
nef_distance_restraint_list_XPLOR-NIH_distance_restraints_1:20	sequence_residue_mismatch	restraint endpoint A:43:LEU:HD21 declares residue LEU, but its resolved sequence record is A:40 (ASN)	109	A:43:LEU:HD21 -- B:852:PHE:HEx
nef_distance_restraint_list_XPLOR-NIH_distance_restraints_1:20	sequence_residue_mismatch	restraint endpoint A:43:LEU:HD21 declares residue LEU, but its resolved sequence record is A:40 (ASN)	110	A:43:LEU:HD21 -- B:852:PHE:HEy
nef_distance_restraint_list_XPLOR-NIH_distance_restraints_1:20	sequence_residue_mismatch	restraint endpoint A:43:LEU:HD22 declares residue LEU, but its resolved sequence record is A:40 (ASN)	111	A:43:LEU:HD22 -- B:852:PHE:HEx
nef_distance_restraint_list_XPLOR-NIH_distance_restraints_1:20	sequence_residue_mismatch	restraint endpoint A:43:LEU:HD22 declares residue LEU, but its resolved sequence record is A:40 (ASN)	112	A:43:LEU:HD22 -- B:852:PHE:HEy
nef_distance_restraint_list_XPLOR-NIH_distance_restraints_1:20	sequence_residue_mismatch	restraint endpoint A:43:LEU:HD23 declares residue LEU, but its resolved sequence record is A:40 (ASN)	113	A:43:LEU:HD23 -- B:852:PHE:HEx
nef_distance_restraint_list_XPLOR-NIH_distance_restraints_1:20	sequence_residue_mismatch	restraint endpoint A:43:LEU:HD23 declares residue LEU, but its resolved sequence record is A:40 (ASN)	114	A:43:LEU:HD23 -- B:852:PHE:HEy
nef_distance_restraint_list_XPLOR-NIH_distance_restraints_1:21	sequence_residue_mismatch	restraint endpoint A:55:MET:HE1 declares residue MET, but its resolved sequence record is A:52 (GLU)	115	A:55:MET:HE1 -- B:858:TRP:HZ3
nef_distance_restraint_list_XPLOR-NIH_distance_restraints_1:21	sequence_residue_mismatch	restraint endpoint A:55:MET:HE2 declares residue MET, but its resolved sequence record is A:52 (GLU)	116	A:55:MET:HE2 -- B:858:TRP:HZ3
nef_distance_restraint_list_XPLOR-NIH_distance_restraints_1:21	sequence_residue_mismatch	restraint endpoint A:55:MET:HE3 declares residue MET, but its resolved sequence record is A:52 (GLU)	117	A:55:MET:HE3 -- B:858:TRP:HZ3
nef_distance_restraint_list_XPLOR-NIH_distance_restraints_1:22	sequence_residue_mismatch	restraint endpoint A:67:ILE:HG21 declares residue ILE, but its resolved sequence record is A:64 (PRO)	118	A:67:ILE:HG21 -- B:858:TRP:HH2
nef_distance_restraint_list_XPLOR-NIH_distance_restraints_1:22	sequence_residue_mismatch	restraint endpoint A:67:ILE:HG22 declares residue ILE, but its resolved sequence record is A:64 (PRO)	119	A:67:ILE:HG22 -- B:858:TRP:HH2
nef_distance_restraint_list_XPLOR-NIH_distance_restraints_1:22	sequence_residue_mismatch	restraint endpoint A:67:ILE:HG23 declares residue ILE, but its resolved sequence record is A:64 (PRO)	120	A:67:ILE:HG23 -- B:858:TRP:HH2
nef_distance_restraint_list_XPLOR-NIH_distance_restraints_1:23	sequence_residue_mismatch	restraint endpoint A:67:ILE:HG21 declares residue ILE, but its resolved sequence record is A:64 (PRO)	121	A:67:ILE:HG21 -- B:858:TRP:HZ2
nef_distance_restraint_list_XPLOR-NIH_distance_restraints_1:23	sequence_residue_mismatch	restraint endpoint A:67:ILE:HG22 declares residue ILE, but its resolved sequence record is A:64 (PRO)	122	A:67:ILE:HG22 -- B:858:TRP:HZ2
nef_distance_restraint_list_XPLOR-NIH_distance_restraints_1:23	sequence_residue_mismatch	restraint endpoint A:67:ILE:HG23 declares residue ILE, but its resolved sequence record is A:64 (PRO)	123	A:67:ILE:HG23 -- B:858:TRP:HZ2
nef_distance_restraint_list_XPLOR-NIH_distance_restraints_1:24	sequence_residue_mismatch	restraint endpoint A:67:ILE:HD11 declares residue ILE, but its resolved sequence record is A:64 (PRO)	124	A:67:ILE:HD11 -- B:858:TRP:HH2
nef_distance_restraint_list_XPLOR-NIH_distance_restraints_1:24	sequence_residue_mismatch	restraint endpoint A:67:ILE:HD12 declares residue ILE, but its resolved sequence record is A:64 (PRO)	125	A:67:ILE:HD12 -- B:858:TRP:HH2
nef_distance_restraint_list_XPLOR-NIH_distance_restraints_1:24	sequence_residue_mismatch	restraint endpoint A:67:ILE:HD13 declares residue ILE, but its resolved sequence record is A:64 (PRO)	126	A:67:ILE:HD13 -- B:858:TRP:HH2
nef_distance_restraint_list_XPLOR-NIH_distance_restraints_1:25	sequence_residue_mismatch	restraint endpoint A:67:ILE:HD11 declares residue ILE, but its resolved sequence record is A:64 (PRO)	127	A:67:ILE:HD11 -- B:858:TRP:HZ2
nef_distance_restraint_list_XPLOR-NIH_distance_restraints_1:25	sequence_residue_mismatch	restraint endpoint A:67:ILE:HD12 declares residue ILE, but its resolved sequence record is A:64 (PRO)	128	A:67:ILE:HD12 -- B:858:TRP:HZ2
nef_distance_restraint_list_XPLOR-NIH_distance_restraints_1:25	sequence_residue_mismatch	restraint endpoint A:67:ILE:HD13 declares residue ILE, but its resolved sequence record is A:64 (PRO)	129	A:67:ILE:HD13 -- B:858:TRP:HZ2
nef_distance_restraint_list_XPLOR-NIH_distance_restraints_1:26	sequence_residue_mismatch	restraint endpoint A:75:MET:HE1 declares residue MET, but its resolved sequence record is A:72 (ARG)	130	A:75:MET:HE1 -- B:858:TRP:HD1
nef_distance_restraint_list_XPLOR-NIH_distance_restraints_1:26	sequence_residue_mismatch	restraint endpoint A:75:MET:HE2 declares residue MET, but its resolved sequence record is A:72 (ARG)	131	A:75:MET:HE2 -- B:858:TRP:HD1
nef_distance_restraint_list_XPLOR-NIH_distance_restraints_1:26	sequence_residue_mismatch	restraint endpoint A:75:MET:HE3 declares residue MET, but its resolved sequence record is A:72 (ARG)	132	A:75:MET:HE3 -- B:858:TRP:HD1
nef_distance_restraint_list_XPLOR-NIH_distance_restraints_1:27	sequence_residue_mismatch	restraint endpoint A:75:MET:HE1 declares residue MET, but its resolved sequence record is A:72 (ARG)	133	A:75:MET:HE1 -- B:858:TRP:HZ2
nef_distance_restraint_list_XPLOR-NIH_distance_restraints_1:27	sequence_residue_mismatch	restraint endpoint A:75:MET:HE2 declares residue MET, but its resolved sequence record is A:72 (ARG)	134	A:75:MET:HE2 -- B:858:TRP:HZ2
nef_distance_restraint_list_XPLOR-NIH_distance_restraints_1:27	sequence_residue_mismatch	restraint endpoint A:75:MET:HE3 declares residue MET, but its resolved sequence record is A:72 (ARG)	135	A:75:MET:HE3 -- B:858:TRP:HZ2
nef_distance_restraint_list_XPLOR-NIH_distance_restraints_1:28	sequence_residue_mismatch	restraint endpoint A:76:MET:HE1 declares residue MET, but its resolved sequence record is A:73 (LYS)	136	A:76:MET:HE1 -- B:857:VAL:HG21
nef_distance_restraint_list_XPLOR-NIH_distance_restraints_1:28	sequence_residue_mismatch	restraint endpoint A:76:MET:HE1 declares residue MET, but its resolved sequence record is A:73 (LYS)	137	A:76:MET:HE1 -- B:857:VAL:HG22
nef_distance_restraint_list_XPLOR-NIH_distance_restraints_1:28	sequence_residue_mismatch	restraint endpoint A:76:MET:HE1 declares residue MET, but its resolved sequence record is A:73 (LYS)	138	A:76:MET:HE1 -- B:857:VAL:HG23
nef_distance_restraint_list_XPLOR-NIH_distance_restraints_1:28	sequence_residue_mismatch	restraint endpoint A:76:MET:HE2 declares residue MET, but its resolved sequence record is A:73 (LYS)	139	A:76:MET:HE2 -- B:857:VAL:HG21
nef_distance_restraint_list_XPLOR-NIH_distance_restraints_1:28	sequence_residue_mismatch	restraint endpoint A:76:MET:HE2 declares residue MET, but its resolved sequence record is A:73 (LYS)	140	A:76:MET:HE2 -- B:857:VAL:HG22
nef_distance_restraint_list_XPLOR-NIH_distance_restraints_1:28	sequence_residue_mismatch	restraint endpoint A:76:MET:HE2 declares residue MET, but its resolved sequence record is A:73 (LYS)	141	A:76:MET:HE2 -- B:857:VAL:HG23
nef_distance_restraint_list_XPLOR-NIH_distance_restraints_1:28	sequence_residue_mismatch	restraint endpoint A:76:MET:HE3 declares residue MET, but its resolved sequence record is A:73 (LYS)	142	A:76:MET:HE3 -- B:857:VAL:HG21
nef_distance_restraint_list_XPLOR-NIH_distance_restraints_1:28	sequence_residue_mismatch	restraint endpoint A:76:MET:HE3 declares residue MET, but its resolved sequence record is A:73 (LYS)	143	A:76:MET:HE3 -- B:857:VAL:HG22
nef_distance_restraint_list_XPLOR-NIH_distance_restraints_1:28	sequence_residue_mismatch	restraint endpoint A:76:MET:HE3 declares residue MET, but its resolved sequence record is A:73 (LYS)	144	A:76:MET:HE3 -- B:857:VAL:HG23
nef_distance_restraint_list_XPLOR-NIH_distance_restraints_1:29	sequence_residue_mismatch	restraint endpoint A:76:MET:HE1 declares residue MET, but its resolved sequence record is A:73 (LYS)	145	A:76:MET:HE1 -- B:858:TRP:HD1
nef_distance_restraint_list_XPLOR-NIH_distance_restraints_1:29	sequence_residue_mismatch	restraint endpoint A:76:MET:HE2 declares residue MET, but its resolved sequence record is A:73 (LYS)	146	A:76:MET:HE2 -- B:858:TRP:HD1
nef_distance_restraint_list_XPLOR-NIH_distance_restraints_1:29	sequence_residue_mismatch	restraint endpoint A:76:MET:HE3 declares residue MET, but its resolved sequence record is A:73 (LYS)	147	A:76:MET:HE3 -- B:858:TRP:HD1
nef_distance_restraint_list_XPLOR-NIH_distance_restraints_1:30	sequence_residue_mismatch	restraint endpoint A:80:MET:HE1 declares residue MET, but its resolved sequence record is A:77 (THR)	148	A:80:MET:HE1 -- B:857:VAL:HG11
nef_distance_restraint_list_XPLOR-NIH_distance_restraints_1:30	sequence_residue_mismatch	restraint endpoint A:80:MET:HE1 declares residue MET, but its resolved sequence record is A:77 (THR)	149	A:80:MET:HE1 -- B:857:VAL:HG12
nef_distance_restraint_list_XPLOR-NIH_distance_restraints_1:30	sequence_residue_mismatch	restraint endpoint A:80:MET:HE1 declares residue MET, but its resolved sequence record is A:77 (THR)	150	A:80:MET:HE1 -- B:857:VAL:HG13
nef_distance_restraint_list_XPLOR-NIH_distance_restraints_1:30	sequence_residue_mismatch	restraint endpoint A:80:MET:HE2 declares residue MET, but its resolved sequence record is A:77 (THR)	151	A:80:MET:HE2 -- B:857:VAL:HG11
nef_distance_restraint_list_XPLOR-NIH_distance_restraints_1:30	sequence_residue_mismatch	restraint endpoint A:80:MET:HE2 declares residue MET, but its resolved sequence record is A:77 (THR)	152	A:80:MET:HE2 -- B:857:VAL:HG12
nef_distance_restraint_list_XPLOR-NIH_distance_restraints_1:30	sequence_residue_mismatch	restraint endpoint A:80:MET:HE2 declares residue MET, but its resolved sequence record is A:77 (THR)	153	A:80:MET:HE2 -- B:857:VAL:HG13
nef_distance_restraint_list_XPLOR-NIH_distance_restraints_1:30	sequence_residue_mismatch	restraint endpoint A:80:MET:HE3 declares residue MET, but its resolved sequence record is A:77 (THR)	154	A:80:MET:HE3 -- B:857:VAL:HG11
nef_distance_restraint_list_XPLOR-NIH_distance_restraints_1:30	sequence_residue_mismatch	restraint endpoint A:80:MET:HE3 declares residue MET, but its resolved sequence record is A:77 (THR)	155	A:80:MET:HE3 -- B:857:VAL:HG12
nef_distance_restraint_list_XPLOR-NIH_distance_restraints_1:30	sequence_residue_mismatch	restraint endpoint A:80:MET:HE3 declares residue MET, but its resolved sequence record is A:77 (THR)	156	A:80:MET:HE3 -- B:857:VAL:HG13
nef_distance_restraint_list_XPLOR-NIH_distance_restraints_1:31	sequence_residue_mismatch	restraint endpoint A:80:MET:HE1 declares residue MET, but its resolved sequence record is A:77 (THR)	157	A:80:MET:HE1 -- B:857:VAL:HG11
nef_distance_restraint_list_XPLOR-NIH_distance_restraints_1:31	sequence_residue_mismatch	restraint endpoint A:80:MET:HE1 declares residue MET, but its resolved sequence record is A:77 (THR)	158	A:80:MET:HE1 -- B:857:VAL:HG12
nef_distance_restraint_list_XPLOR-NIH_distance_restraints_1:31	sequence_residue_mismatch	restraint endpoint A:80:MET:HE1 declares residue MET, but its resolved sequence record is A:77 (THR)	159	A:80:MET:HE1 -- B:857:VAL:HG13
nef_distance_restraint_list_XPLOR-NIH_distance_restraints_1:31	sequence_residue_mismatch	restraint endpoint A:80:MET:HE2 declares residue MET, but its resolved sequence record is A:77 (THR)	160	A:80:MET:HE2 -- B:857:VAL:HG11
nef_distance_restraint_list_XPLOR-NIH_distance_restraints_1:31	sequence_residue_mismatch	restraint endpoint A:80:MET:HE2 declares residue MET, but its resolved sequence record is A:77 (THR)	161	A:80:MET:HE2 -- B:857:VAL:HG12
nef_distance_restraint_list_XPLOR-NIH_distance_restraints_1:31	sequence_residue_mismatch	restraint endpoint A:80:MET:HE2 declares residue MET, but its resolved sequence record is A:77 (THR)	162	A:80:MET:HE2 -- B:857:VAL:HG13
nef_distance_restraint_list_XPLOR-NIH_distance_restraints_1:31	sequence_residue_mismatch	restraint endpoint A:80:MET:HE3 declares residue MET, but its resolved sequence record is A:77 (THR)	163	A:80:MET:HE3 -- B:857:VAL:HG11
nef_distance_restraint_list_XPLOR-NIH_distance_restraints_1:31	sequence_residue_mismatch	restraint endpoint A:80:MET:HE3 declares residue MET, but its resolved sequence record is A:77 (THR)	164	A:80:MET:HE3 -- B:857:VAL:HG12
nef_distance_restraint_list_XPLOR-NIH_distance_restraints_1:31	sequence_residue_mismatch	restraint endpoint A:80:MET:HE3 declares residue MET, but its resolved sequence record is A:77 (THR)	165	A:80:MET:HE3 -- B:857:VAL:HG13
nef_distance_restraint_list_XPLOR-NIH_distance_restraints_1:33	sequence_residue_mismatch	restraint endpoint A:89:ILE:HD11 declares residue ILE, but its resolved sequence record is A:86 (ALA)	172	A:89:ILE:HD11 -- B:857:VAL:HG11
nef_distance_restraint_list_XPLOR-NIH_distance_restraints_1:33	sequence_residue_mismatch	restraint endpoint A:89:ILE:HD11 declares residue ILE, but its resolved sequence record is A:86 (ALA)	173	A:89:ILE:HD11 -- B:857:VAL:HG12
nef_distance_restraint_list_XPLOR-NIH_distance_restraints_1:33	sequence_residue_mismatch	restraint endpoint A:89:ILE:HD11 declares residue ILE, but its resolved sequence record is A:86 (ALA)	174	A:89:ILE:HD11 -- B:857:VAL:HG13
nef_distance_restraint_list_XPLOR-NIH_distance_restraints_1:33	sequence_residue_mismatch	restraint endpoint A:89:ILE:HD12 declares residue ILE, but its resolved sequence record is A:86 (ALA)	175	A:89:ILE:HD12 -- B:857:VAL:HG11
nef_distance_restraint_list_XPLOR-NIH_distance_restraints_1:33	sequence_residue_mismatch	restraint endpoint A:89:ILE:HD12 declares residue ILE, but its resolved sequence record is A:86 (ALA)	176	A:89:ILE:HD12 -- B:857:VAL:HG12
nef_distance_restraint_list_XPLOR-NIH_distance_restraints_1:33	sequence_residue_mismatch	restraint endpoint A:89:ILE:HD12 declares residue ILE, but its resolved sequence record is A:86 (ALA)	177	A:89:ILE:HD12 -- B:857:VAL:HG13
nef_distance_restraint_list_XPLOR-NIH_distance_restraints_1:33	sequence_residue_mismatch	restraint endpoint A:89:ILE:HD13 declares residue ILE, but its resolved sequence record is A:86 (ALA)	178	A:89:ILE:HD13 -- B:857:VAL:HG11
nef_distance_restraint_list_XPLOR-NIH_distance_restraints_1:33	sequence_residue_mismatch	restraint endpoint A:89:ILE:HD13 declares residue ILE, but its resolved sequence record is A:86 (ALA)	179	A:89:ILE:HD13 -- B:857:VAL:HG12
nef_distance_restraint_list_XPLOR-NIH_distance_restraints_1:33	sequence_residue_mismatch	restraint endpoint A:89:ILE:HD13 declares residue ILE, but its resolved sequence record is A:86 (ALA)	180	A:89:ILE:HD13 -- B:857:VAL:HG13
nef_distance_restraint_list_XPLOR-NIH_distance_restraints_1:34	sequence_residue_mismatch	restraint endpoint A:92:ALA:HB1 declares residue ALA, but its resolved sequence record is A:89 (VAL)	181	A:92:ALA:HB1 -- B:852:PHE:HDx
nef_distance_restraint_list_XPLOR-NIH_distance_restraints_1:34	sequence_residue_mismatch	restraint endpoint A:92:ALA:HB1 declares residue ALA, but its resolved sequence record is A:89 (VAL)	182	A:92:ALA:HB1 -- B:852:PHE:HDy
nef_distance_restraint_list_XPLOR-NIH_distance_restraints_1:34	sequence_residue_mismatch	restraint endpoint A:92:ALA:HB2 declares residue ALA, but its resolved sequence record is A:89 (VAL)	183	A:92:ALA:HB2 -- B:852:PHE:HDx
nef_distance_restraint_list_XPLOR-NIH_distance_restraints_1:34	sequence_residue_mismatch	restraint endpoint A:92:ALA:HB2 declares residue ALA, but its resolved sequence record is A:89 (VAL)	184	A:92:ALA:HB2 -- B:852:PHE:HDy
nef_distance_restraint_list_XPLOR-NIH_distance_restraints_1:34	sequence_residue_mismatch	restraint endpoint A:92:ALA:HB3 declares residue ALA, but its resolved sequence record is A:89 (VAL)	185	A:92:ALA:HB3 -- B:852:PHE:HDx
nef_distance_restraint_list_XPLOR-NIH_distance_restraints_1:34	sequence_residue_mismatch	restraint endpoint A:92:ALA:HB3 declares residue ALA, but its resolved sequence record is A:89 (VAL)	186	A:92:ALA:HB3 -- B:852:PHE:HDy
nef_distance_restraint_list_XPLOR-NIH_distance_restraints_1:35	sequence_residue_mismatch	restraint endpoint A:92:ALA:HB1 declares residue ALA, but its resolved sequence record is A:89 (VAL)	187	A:92:ALA:HB1 -- B:852:PHE:HEx
nef_distance_restraint_list_XPLOR-NIH_distance_restraints_1:35	sequence_residue_mismatch	restraint endpoint A:92:ALA:HB1 declares residue ALA, but its resolved sequence record is A:89 (VAL)	188	A:92:ALA:HB1 -- B:852:PHE:HEy
nef_distance_restraint_list_XPLOR-NIH_distance_restraints_1:35	sequence_residue_mismatch	restraint endpoint A:92:ALA:HB2 declares residue ALA, but its resolved sequence record is A:89 (VAL)	189	A:92:ALA:HB2 -- B:852:PHE:HEx
nef_distance_restraint_list_XPLOR-NIH_distance_restraints_1:35	sequence_residue_mismatch	restraint endpoint A:92:ALA:HB2 declares residue ALA, but its resolved sequence record is A:89 (VAL)	190	A:92:ALA:HB2 -- B:852:PHE:HEy
nef_distance_restraint_list_XPLOR-NIH_distance_restraints_1:35	sequence_residue_mismatch	restraint endpoint A:92:ALA:HB3 declares residue ALA, but its resolved sequence record is A:89 (VAL)	191	A:92:ALA:HB3 -- B:852:PHE:HEx
nef_distance_restraint_list_XPLOR-NIH_distance_restraints_1:35	sequence_residue_mismatch	restraint endpoint A:92:ALA:HB3 declares residue ALA, but its resolved sequence record is A:89 (VAL)	192	A:92:ALA:HB3 -- B:852:PHE:HEy
nef_distance_restraint_list_XPLOR-NIH_distance_restraints_1:36	sequence_residue_mismatch	restraint endpoint A:92:ALA:HB1 declares residue ALA, but its resolved sequence record is A:89 (VAL)	193	A:92:ALA:HB1 -- B:852:PHE:HZ
nef_distance_restraint_list_XPLOR-NIH_distance_restraints_1:36	sequence_residue_mismatch	restraint endpoint A:92:ALA:HB2 declares residue ALA, but its resolved sequence record is A:89 (VAL)	194	A:92:ALA:HB2 -- B:852:PHE:HZ
nef_distance_restraint_list_XPLOR-NIH_distance_restraints_1:36	sequence_residue_mismatch	restraint endpoint A:92:ALA:HB3 declares residue ALA, but its resolved sequence record is A:89 (VAL)	195	A:92:ALA:HB3 -- B:852:PHE:HZ
nef_distance_restraint_list_XPLOR-NIH_distance_restraints_1:37	sequence_residue_mismatch	restraint endpoint A:95:VAL:HG11 declares residue VAL, but its resolved sequence record is A:92 (LYS)	196	A:95:VAL:HG11 -- B:852:PHE:HEx
nef_distance_restraint_list_XPLOR-NIH_distance_restraints_1:37	sequence_residue_mismatch	restraint endpoint A:95:VAL:HG11 declares residue VAL, but its resolved sequence record is A:92 (LYS)	197	A:95:VAL:HG11 -- B:852:PHE:HEy
nef_distance_restraint_list_XPLOR-NIH_distance_restraints_1:37	sequence_residue_mismatch	restraint endpoint A:95:VAL:HG12 declares residue VAL, but its resolved sequence record is A:92 (LYS)	198	A:95:VAL:HG12 -- B:852:PHE:HEx
nef_distance_restraint_list_XPLOR-NIH_distance_restraints_1:37	sequence_residue_mismatch	restraint endpoint A:95:VAL:HG12 declares residue VAL, but its resolved sequence record is A:92 (LYS)	199	A:95:VAL:HG12 -- B:852:PHE:HEy
nef_distance_restraint_list_XPLOR-NIH_distance_restraints_1:37	sequence_residue_mismatch	restraint endpoint A:95:VAL:HG13 declares residue VAL, but its resolved sequence record is A:92 (LYS)	200	A:95:VAL:HG13 -- B:852:PHE:HEx
nef_distance_restraint_list_XPLOR-NIH_distance_restraints_1:37	sequence_residue_mismatch	restraint endpoint A:95:VAL:HG13 declares residue VAL, but its resolved sequence record is A:92 (LYS)	201	A:95:VAL:HG13 -- B:852:PHE:HEy
nef_distance_restraint_list_XPLOR-NIH_distance_restraints_1:38	sequence_residue_mismatch	restraint endpoint A:95:VAL:HG11 declares residue VAL, but its resolved sequence record is A:92 (LYS)	202	A:95:VAL:HG11 -- B:852:PHE:HZ
nef_distance_restraint_list_XPLOR-NIH_distance_restraints_1:38	sequence_residue_mismatch	restraint endpoint A:95:VAL:HG12 declares residue VAL, but its resolved sequence record is A:92 (LYS)	203	A:95:VAL:HG12 -- B:852:PHE:HZ
nef_distance_restraint_list_XPLOR-NIH_distance_restraints_1:38	sequence_residue_mismatch	restraint endpoint A:95:VAL:HG13 declares residue VAL, but its resolved sequence record is A:92 (LYS)	204	A:95:VAL:HG13 -- B:852:PHE:HZ
nef_distance_restraint_list_XPLOR-NIH_distance_restraints_1:39	sequence_residue_mismatch	restraint endpoint A:95:VAL:HG21 declares residue VAL, but its resolved sequence record is A:92 (LYS)	205	A:95:VAL:HG21 -- B:852:PHE:HEx
nef_distance_restraint_list_XPLOR-NIH_distance_restraints_1:39	sequence_residue_mismatch	restraint endpoint A:95:VAL:HG21 declares residue VAL, but its resolved sequence record is A:92 (LYS)	206	A:95:VAL:HG21 -- B:852:PHE:HEy
nef_distance_restraint_list_XPLOR-NIH_distance_restraints_1:39	sequence_residue_mismatch	restraint endpoint A:95:VAL:HG22 declares residue VAL, but its resolved sequence record is A:92 (LYS)	207	A:95:VAL:HG22 -- B:852:PHE:HEx
nef_distance_restraint_list_XPLOR-NIH_distance_restraints_1:39	sequence_residue_mismatch	restraint endpoint A:95:VAL:HG22 declares residue VAL, but its resolved sequence record is A:92 (LYS)	208	A:95:VAL:HG22 -- B:852:PHE:HEy
nef_distance_restraint_list_XPLOR-NIH_distance_restraints_1:39	sequence_residue_mismatch	restraint endpoint A:95:VAL:HG23 declares residue VAL, but its resolved sequence record is A:92 (LYS)	209	A:95:VAL:HG23 -- B:852:PHE:HEx
nef_distance_restraint_list_XPLOR-NIH_distance_restraints_1:39	sequence_residue_mismatch	restraint endpoint A:95:VAL:HG23 declares residue VAL, but its resolved sequence record is A:92 (LYS)	210	A:95:VAL:HG23 -- B:852:PHE:HEy
nef_distance_restraint_list_XPLOR-NIH_distance_restraints_1:40	sequence_residue_mismatch	restraint endpoint A:95:VAL:HG21 declares residue VAL, but its resolved sequence record is A:92 (LYS)	211	A:95:VAL:HG21 -- B:852:PHE:HZ
nef_distance_restraint_list_XPLOR-NIH_distance_restraints_1:40	sequence_residue_mismatch	restraint endpoint A:95:VAL:HG22 declares residue VAL, but its resolved sequence record is A:92 (LYS)	212	A:95:VAL:HG22 -- B:852:PHE:HZ
nef_distance_restraint_list_XPLOR-NIH_distance_restraints_1:40	sequence_residue_mismatch	restraint endpoint A:95:VAL:HG23 declares residue VAL, but its resolved sequence record is A:92 (LYS)	213	A:95:VAL:HG23 -- B:852:PHE:HZ
nef_distance_restraint_list_XPLOR-NIH_distance_restraints_1:41	sequence_residue_mismatch	restraint endpoint A:104:ILE:HD11 declares residue ILE, but its resolved sequence record is A:101 (ALA)	214	A:104:ILE:HD11 -- B:852:PHE:HZ
nef_distance_restraint_list_XPLOR-NIH_distance_restraints_1:41	sequence_residue_mismatch	restraint endpoint A:104:ILE:HD12 declares residue ILE, but its resolved sequence record is A:101 (ALA)	215	A:104:ILE:HD12 -- B:852:PHE:HZ
nef_distance_restraint_list_XPLOR-NIH_distance_restraints_1:41	sequence_residue_mismatch	restraint endpoint A:104:ILE:HD13 declares residue ILE, but its resolved sequence record is A:101 (ALA)	216	A:104:ILE:HD13 -- B:852:PHE:HZ
nef_distance_restraint_list_XPLOR-NIH_distance_restraints_1:42	sequence_residue_mismatch	restraint endpoint A:109:LEU:HD11 declares residue LEU, but its resolved sequence record is A:106 (VAL)	217	A:109:LEU:HD11 -- B:852:PHE:HEx
nef_distance_restraint_list_XPLOR-NIH_distance_restraints_1:42	sequence_residue_mismatch	restraint endpoint A:109:LEU:HD11 declares residue LEU, but its resolved sequence record is A:106 (VAL)	218	A:109:LEU:HD11 -- B:852:PHE:HEy
nef_distance_restraint_list_XPLOR-NIH_distance_restraints_1:42	sequence_residue_mismatch	restraint endpoint A:109:LEU:HD12 declares residue LEU, but its resolved sequence record is A:106 (VAL)	219	A:109:LEU:HD12 -- B:852:PHE:HEx
nef_distance_restraint_list_XPLOR-NIH_distance_restraints_1:42	sequence_residue_mismatch	restraint endpoint A:109:LEU:HD12 declares residue LEU, but its resolved sequence record is A:106 (VAL)	220	A:109:LEU:HD12 -- B:852:PHE:HEy
nef_distance_restraint_list_XPLOR-NIH_distance_restraints_1:42	sequence_residue_mismatch	restraint endpoint A:109:LEU:HD13 declares residue LEU, but its resolved sequence record is A:106 (VAL)	221	A:109:LEU:HD13 -- B:852:PHE:HEx
nef_distance_restraint_list_XPLOR-NIH_distance_restraints_1:42	sequence_residue_mismatch	restraint endpoint A:109:LEU:HD13 declares residue LEU, but its resolved sequence record is A:106 (VAL)	222	A:109:LEU:HD13 -- B:852:PHE:HEy
nef_distance_restraint_list_XPLOR-NIH_distance_restraints_1:43	sequence_residue_mismatch	restraint endpoint A:112:VAL:HG11 declares residue VAL, but its resolved sequence record is A:109 (ASN)	223	A:112:VAL:HG11 -- B:852:PHE:HEx
nef_distance_restraint_list_XPLOR-NIH_distance_restraints_1:43	sequence_residue_mismatch	restraint endpoint A:112:VAL:HG11 declares residue VAL, but its resolved sequence record is A:109 (ASN)	224	A:112:VAL:HG11 -- B:852:PHE:HEy
nef_distance_restraint_list_XPLOR-NIH_distance_restraints_1:43	sequence_residue_mismatch	restraint endpoint A:112:VAL:HG12 declares residue VAL, but its resolved sequence record is A:109 (ASN)	225	A:112:VAL:HG12 -- B:852:PHE:HEx
nef_distance_restraint_list_XPLOR-NIH_distance_restraints_1:43	sequence_residue_mismatch	restraint endpoint A:112:VAL:HG12 declares residue VAL, but its resolved sequence record is A:109 (ASN)	226	A:112:VAL:HG12 -- B:852:PHE:HEy
nef_distance_restraint_list_XPLOR-NIH_distance_restraints_1:43	sequence_residue_mismatch	restraint endpoint A:112:VAL:HG13 declares residue VAL, but its resolved sequence record is A:109 (ASN)	227	A:112:VAL:HG13 -- B:852:PHE:HEx
nef_distance_restraint_list_XPLOR-NIH_distance_restraints_1:43	sequence_residue_mismatch	restraint endpoint A:112:VAL:HG13 declares residue VAL, but its resolved sequence record is A:109 (ASN)	228	A:112:VAL:HG13 -- B:852:PHE:HEy
nef_distance_restraint_list_XPLOR-NIH_distance_restraints_1:44	sequence_residue_mismatch	restraint endpoint A:112:VAL:HG11 declares residue VAL, but its resolved sequence record is A:109 (ASN)	229	A:112:VAL:HG11 -- B:852:PHE:HZ
nef_distance_restraint_list_XPLOR-NIH_distance_restraints_1:44	sequence_residue_mismatch	restraint endpoint A:112:VAL:HG12 declares residue VAL, but its resolved sequence record is A:109 (ASN)	230	A:112:VAL:HG12 -- B:852:PHE:HZ
nef_distance_restraint_list_XPLOR-NIH_distance_restraints_1:44	sequence_residue_mismatch	restraint endpoint A:112:VAL:HG13 declares residue VAL, but its resolved sequence record is A:109 (ASN)	231	A:112:VAL:HG13 -- B:852:PHE:HZ
nef_distance_restraint_list_XPLOR-NIH_distance_restraints_1:45	sequence_residue_mismatch	restraint endpoint A:112:VAL:HG21 declares residue VAL, but its resolved sequence record is A:109 (ASN)	232	A:112:VAL:HG21 -- B:852:PHE:HEx
nef_distance_restraint_list_XPLOR-NIH_distance_restraints_1:45	sequence_residue_mismatch	restraint endpoint A:112:VAL:HG21 declares residue VAL, but its resolved sequence record is A:109 (ASN)	233	A:112:VAL:HG21 -- B:852:PHE:HEy
nef_distance_restraint_list_XPLOR-NIH_distance_restraints_1:45	sequence_residue_mismatch	restraint endpoint A:112:VAL:HG22 declares residue VAL, but its resolved sequence record is A:109 (ASN)	234	A:112:VAL:HG22 -- B:852:PHE:HEx
nef_distance_restraint_list_XPLOR-NIH_distance_restraints_1:45	sequence_residue_mismatch	restraint endpoint A:112:VAL:HG22 declares residue VAL, but its resolved sequence record is A:109 (ASN)	235	A:112:VAL:HG22 -- B:852:PHE:HEy
nef_distance_restraint_list_XPLOR-NIH_distance_restraints_1:45	sequence_residue_mismatch	restraint endpoint A:112:VAL:HG23 declares residue VAL, but its resolved sequence record is A:109 (ASN)	236	A:112:VAL:HG23 -- B:852:PHE:HEx
nef_distance_restraint_list_XPLOR-NIH_distance_restraints_1:45	sequence_residue_mismatch	restraint endpoint A:112:VAL:HG23 declares residue VAL, but its resolved sequence record is A:109 (ASN)	237	A:112:VAL:HG23 -- B:852:PHE:HEy
nef_distance_restraint_list_XPLOR-NIH_distance_restraints_1:46	sequence_residue_mismatch	restraint endpoint A:112:VAL:HG21 declares residue VAL, but its resolved sequence record is A:109 (ASN)	238	A:112:VAL:HG21 -- B:852:PHE:HZ
nef_distance_restraint_list_XPLOR-NIH_distance_restraints_1:46	sequence_residue_mismatch	restraint endpoint A:112:VAL:HG22 declares residue VAL, but its resolved sequence record is A:109 (ASN)	239	A:112:VAL:HG22 -- B:852:PHE:HZ
nef_distance_restraint_list_XPLOR-NIH_distance_restraints_1:46	sequence_residue_mismatch	restraint endpoint A:112:VAL:HG23 declares residue VAL, but its resolved sequence record is A:109 (ASN)	240	A:112:VAL:HG23 -- B:852:PHE:HZ
nef_distance_restraint_list_XPLOR-NIH_distance_restraints_1:47	sequence_residue_mismatch	restraint endpoint A:113:MET:HE1 declares residue MET, but its resolved sequence record is A:110 (LEU)	241	A:113:MET:HE1 -- B:851:ALA:HB1
nef_distance_restraint_list_XPLOR-NIH_distance_restraints_1:47	sequence_residue_mismatch	restraint endpoint A:113:MET:HE1 declares residue MET, but its resolved sequence record is A:110 (LEU)	242	A:113:MET:HE1 -- B:851:ALA:HB2
nef_distance_restraint_list_XPLOR-NIH_distance_restraints_1:47	sequence_residue_mismatch	restraint endpoint A:113:MET:HE1 declares residue MET, but its resolved sequence record is A:110 (LEU)	243	A:113:MET:HE1 -- B:851:ALA:HB3
nef_distance_restraint_list_XPLOR-NIH_distance_restraints_1:47	sequence_residue_mismatch	restraint endpoint A:113:MET:HE2 declares residue MET, but its resolved sequence record is A:110 (LEU)	244	A:113:MET:HE2 -- B:851:ALA:HB1
nef_distance_restraint_list_XPLOR-NIH_distance_restraints_1:47	sequence_residue_mismatch	restraint endpoint A:113:MET:HE2 declares residue MET, but its resolved sequence record is A:110 (LEU)	245	A:113:MET:HE2 -- B:851:ALA:HB2
nef_distance_restraint_list_XPLOR-NIH_distance_restraints_1:47	sequence_residue_mismatch	restraint endpoint A:113:MET:HE2 declares residue MET, but its resolved sequence record is A:110 (LEU)	246	A:113:MET:HE2 -- B:851:ALA:HB3
nef_distance_restraint_list_XPLOR-NIH_distance_restraints_1:47	sequence_residue_mismatch	restraint endpoint A:113:MET:HE3 declares residue MET, but its resolved sequence record is A:110 (LEU)	247	A:113:MET:HE3 -- B:851:ALA:HB1
nef_distance_restraint_list_XPLOR-NIH_distance_restraints_1:47	sequence_residue_mismatch	restraint endpoint A:113:MET:HE3 declares residue MET, but its resolved sequence record is A:110 (LEU)	248	A:113:MET:HE3 -- B:851:ALA:HB2
nef_distance_restraint_list_XPLOR-NIH_distance_restraints_1:47	sequence_residue_mismatch	restraint endpoint A:113:MET:HE3 declares residue MET, but its resolved sequence record is A:110 (LEU)	249	A:113:MET:HE3 -- B:851:ALA:HB3
nef_distance_restraint_list_XPLOR-NIH_distance_restraints_1:48	sequence_residue_mismatch	restraint endpoint A:113:MET:HE1 declares residue MET, but its resolved sequence record is A:110 (LEU)	250	A:113:MET:HE1 -- B:852:PHE:HBx
nef_distance_restraint_list_XPLOR-NIH_distance_restraints_1:48	sequence_residue_mismatch	restraint endpoint A:113:MET:HE1 declares residue MET, but its resolved sequence record is A:110 (LEU)	251	A:113:MET:HE1 -- B:852:PHE:HBy
nef_distance_restraint_list_XPLOR-NIH_distance_restraints_1:48	sequence_residue_mismatch	restraint endpoint A:113:MET:HE2 declares residue MET, but its resolved sequence record is A:110 (LEU)	252	A:113:MET:HE2 -- B:852:PHE:HBx
nef_distance_restraint_list_XPLOR-NIH_distance_restraints_1:48	sequence_residue_mismatch	restraint endpoint A:113:MET:HE2 declares residue MET, but its resolved sequence record is A:110 (LEU)	253	A:113:MET:HE2 -- B:852:PHE:HBy
nef_distance_restraint_list_XPLOR-NIH_distance_restraints_1:48	sequence_residue_mismatch	restraint endpoint A:113:MET:HE3 declares residue MET, but its resolved sequence record is A:110 (LEU)	254	A:113:MET:HE3 -- B:852:PHE:HBx
nef_distance_restraint_list_XPLOR-NIH_distance_restraints_1:48	sequence_residue_mismatch	restraint endpoint A:113:MET:HE3 declares residue MET, but its resolved sequence record is A:110 (LEU)	255	A:113:MET:HE3 -- B:852:PHE:HBy
nef_distance_restraint_list_XPLOR-NIH_distance_restraints_1:49	sequence_residue_mismatch	restraint endpoint A:113:MET:HE1 declares residue MET, but its resolved sequence record is A:110 (LEU)	256	A:113:MET:HE1 -- B:852:PHE:HDx
nef_distance_restraint_list_XPLOR-NIH_distance_restraints_1:49	sequence_residue_mismatch	restraint endpoint A:113:MET:HE1 declares residue MET, but its resolved sequence record is A:110 (LEU)	257	A:113:MET:HE1 -- B:852:PHE:HDy
nef_distance_restraint_list_XPLOR-NIH_distance_restraints_1:49	sequence_residue_mismatch	restraint endpoint A:113:MET:HE2 declares residue MET, but its resolved sequence record is A:110 (LEU)	258	A:113:MET:HE2 -- B:852:PHE:HDx
nef_distance_restraint_list_XPLOR-NIH_distance_restraints_1:49	sequence_residue_mismatch	restraint endpoint A:113:MET:HE2 declares residue MET, but its resolved sequence record is A:110 (LEU)	259	A:113:MET:HE2 -- B:852:PHE:HDy
nef_distance_restraint_list_XPLOR-NIH_distance_restraints_1:49	sequence_residue_mismatch	restraint endpoint A:113:MET:HE3 declares residue MET, but its resolved sequence record is A:110 (LEU)	260	A:113:MET:HE3 -- B:852:PHE:HDx
nef_distance_restraint_list_XPLOR-NIH_distance_restraints_1:49	sequence_residue_mismatch	restraint endpoint A:113:MET:HE3 declares residue MET, but its resolved sequence record is A:110 (LEU)	261	A:113:MET:HE3 -- B:852:PHE:HDy
nef_distance_restraint_list_XPLOR-NIH_distance_restraints_1:50	sequence_residue_mismatch	restraint endpoint A:116:LEU:HD11 declares residue LEU, but its resolved sequence record is A:113 (LYS)	262	A:116:LEU:HD11 -- B:852:PHE:HA
nef_distance_restraint_list_XPLOR-NIH_distance_restraints_1:50	sequence_residue_mismatch	restraint endpoint A:116:LEU:HD12 declares residue LEU, but its resolved sequence record is A:113 (LYS)	263	A:116:LEU:HD12 -- B:852:PHE:HA
nef_distance_restraint_list_XPLOR-NIH_distance_restraints_1:50	sequence_residue_mismatch	restraint endpoint A:116:LEU:HD13 declares residue LEU, but its resolved sequence record is A:113 (LYS)	264	A:116:LEU:HD13 -- B:852:PHE:HA
nef_distance_restraint_list_XPLOR-NIH_distance_restraints_1:51	sequence_residue_mismatch	restraint endpoint A:116:LEU:HD11 declares residue LEU, but its resolved sequence record is A:113 (LYS)	265	A:116:LEU:HD11 -- B:852:PHE:HEx
nef_distance_restraint_list_XPLOR-NIH_distance_restraints_1:51	sequence_residue_mismatch	restraint endpoint A:116:LEU:HD11 declares residue LEU, but its resolved sequence record is A:113 (LYS)	266	A:116:LEU:HD11 -- B:852:PHE:HEy
nef_distance_restraint_list_XPLOR-NIH_distance_restraints_1:51	sequence_residue_mismatch	restraint endpoint A:116:LEU:HD12 declares residue LEU, but its resolved sequence record is A:113 (LYS)	267	A:116:LEU:HD12 -- B:852:PHE:HEx
nef_distance_restraint_list_XPLOR-NIH_distance_restraints_1:51	sequence_residue_mismatch	restraint endpoint A:116:LEU:HD12 declares residue LEU, but its resolved sequence record is A:113 (LYS)	268	A:116:LEU:HD12 -- B:852:PHE:HEy
nef_distance_restraint_list_XPLOR-NIH_distance_restraints_1:51	sequence_residue_mismatch	restraint endpoint A:116:LEU:HD13 declares residue LEU, but its resolved sequence record is A:113 (LYS)	269	A:116:LEU:HD13 -- B:852:PHE:HEx
nef_distance_restraint_list_XPLOR-NIH_distance_restraints_1:51	sequence_residue_mismatch	restraint endpoint A:116:LEU:HD13 declares residue LEU, but its resolved sequence record is A:113 (LYS)	270	A:116:LEU:HD13 -- B:852:PHE:HEy
nef_distance_restraint_list_XPLOR-NIH_distance_restraints_1:52	sequence_residue_mismatch	restraint endpoint A:116:LEU:HD21 declares residue LEU, but its resolved sequence record is A:113 (LYS)	271	A:116:LEU:HD21 -- B:855:VAL:HG21
nef_distance_restraint_list_XPLOR-NIH_distance_restraints_1:52	sequence_residue_mismatch	restraint endpoint A:116:LEU:HD21 declares residue LEU, but its resolved sequence record is A:113 (LYS)	272	A:116:LEU:HD21 -- B:855:VAL:HG22
nef_distance_restraint_list_XPLOR-NIH_distance_restraints_1:52	sequence_residue_mismatch	restraint endpoint A:116:LEU:HD21 declares residue LEU, but its resolved sequence record is A:113 (LYS)	273	A:116:LEU:HD21 -- B:855:VAL:HG23
nef_distance_restraint_list_XPLOR-NIH_distance_restraints_1:52	sequence_residue_mismatch	restraint endpoint A:116:LEU:HD22 declares residue LEU, but its resolved sequence record is A:113 (LYS)	274	A:116:LEU:HD22 -- B:855:VAL:HG21
nef_distance_restraint_list_XPLOR-NIH_distance_restraints_1:52	sequence_residue_mismatch	restraint endpoint A:116:LEU:HD22 declares residue LEU, but its resolved sequence record is A:113 (LYS)	275	A:116:LEU:HD22 -- B:855:VAL:HG22
nef_distance_restraint_list_XPLOR-NIH_distance_restraints_1:52	sequence_residue_mismatch	restraint endpoint A:116:LEU:HD22 declares residue LEU, but its resolved sequence record is A:113 (LYS)	276	A:116:LEU:HD22 -- B:855:VAL:HG23
nef_distance_restraint_list_XPLOR-NIH_distance_restraints_1:52	sequence_residue_mismatch	restraint endpoint A:116:LEU:HD23 declares residue LEU, but its resolved sequence record is A:113 (LYS)	277	A:116:LEU:HD23 -- B:855:VAL:HG21
nef_distance_restraint_list_XPLOR-NIH_distance_restraints_1:52	sequence_residue_mismatch	restraint endpoint A:116:LEU:HD23 declares residue LEU, but its resolved sequence record is A:113 (LYS)	278	A:116:LEU:HD23 -- B:855:VAL:HG22
nef_distance_restraint_list_XPLOR-NIH_distance_restraints_1:52	sequence_residue_mismatch	restraint endpoint A:116:LEU:HD23 declares residue LEU, but its resolved sequence record is A:113 (LYS)	279	A:116:LEU:HD23 -- B:855:VAL:HG23
nef_distance_restraint_list_XPLOR-NIH_distance_restraints_1:53	sequence_residue_mismatch	restraint endpoint A:120:LEU:HD11 declares residue LEU, but its resolved sequence record is A:117 (GLU)	280	A:120:LEU:HD11 -- B:848:MET:HE1
nef_distance_restraint_list_XPLOR-NIH_distance_restraints_1:53	sequence_residue_mismatch	restraint endpoint A:120:LEU:HD11 declares residue LEU, but its resolved sequence record is A:117 (GLU)	281	A:120:LEU:HD11 -- B:848:MET:HE2
nef_distance_restraint_list_XPLOR-NIH_distance_restraints_1:53	sequence_residue_mismatch	restraint endpoint A:120:LEU:HD11 declares residue LEU, but its resolved sequence record is A:117 (GLU)	282	A:120:LEU:HD11 -- B:848:MET:HE3
nef_distance_restraint_list_XPLOR-NIH_distance_restraints_1:53	sequence_residue_mismatch	restraint endpoint A:120:LEU:HD12 declares residue LEU, but its resolved sequence record is A:117 (GLU)	283	A:120:LEU:HD12 -- B:848:MET:HE1
nef_distance_restraint_list_XPLOR-NIH_distance_restraints_1:53	sequence_residue_mismatch	restraint endpoint A:120:LEU:HD12 declares residue LEU, but its resolved sequence record is A:117 (GLU)	284	A:120:LEU:HD12 -- B:848:MET:HE2
nef_distance_restraint_list_XPLOR-NIH_distance_restraints_1:53	sequence_residue_mismatch	restraint endpoint A:120:LEU:HD12 declares residue LEU, but its resolved sequence record is A:117 (GLU)	285	A:120:LEU:HD12 -- B:848:MET:HE3
nef_distance_restraint_list_XPLOR-NIH_distance_restraints_1:53	sequence_residue_mismatch	restraint endpoint A:120:LEU:HD13 declares residue LEU, but its resolved sequence record is A:117 (GLU)	286	A:120:LEU:HD13 -- B:848:MET:HE1
nef_distance_restraint_list_XPLOR-NIH_distance_restraints_1:53	sequence_residue_mismatch	restraint endpoint A:120:LEU:HD13 declares residue LEU, but its resolved sequence record is A:117 (GLU)	287	A:120:LEU:HD13 -- B:848:MET:HE2
nef_distance_restraint_list_XPLOR-NIH_distance_restraints_1:53	sequence_residue_mismatch	restraint endpoint A:120:LEU:HD13 declares residue LEU, but its resolved sequence record is A:117 (GLU)	288	A:120:LEU:HD13 -- B:848:MET:HE3
nef_distance_restraint_list_XPLOR-NIH_distance_restraints_1:54	sequence_residue_mismatch	restraint endpoint A:120:LEU:HD21 declares residue LEU, but its resolved sequence record is A:117 (GLU)	289	A:120:LEU:HD21 -- B:848:MET:HE1
nef_distance_restraint_list_XPLOR-NIH_distance_restraints_1:54	sequence_residue_mismatch	restraint endpoint A:120:LEU:HD21 declares residue LEU, but its resolved sequence record is A:117 (GLU)	290	A:120:LEU:HD21 -- B:848:MET:HE2
nef_distance_restraint_list_XPLOR-NIH_distance_restraints_1:54	sequence_residue_mismatch	restraint endpoint A:120:LEU:HD21 declares residue LEU, but its resolved sequence record is A:117 (GLU)	291	A:120:LEU:HD21 -- B:848:MET:HE3
nef_distance_restraint_list_XPLOR-NIH_distance_restraints_1:54	sequence_residue_mismatch	restraint endpoint A:120:LEU:HD22 declares residue LEU, but its resolved sequence record is A:117 (GLU)	292	A:120:LEU:HD22 -- B:848:MET:HE1
nef_distance_restraint_list_XPLOR-NIH_distance_restraints_1:54	sequence_residue_mismatch	restraint endpoint A:120:LEU:HD22 declares residue LEU, but its resolved sequence record is A:117 (GLU)	293	A:120:LEU:HD22 -- B:848:MET:HE2
nef_distance_restraint_list_XPLOR-NIH_distance_restraints_1:54	sequence_residue_mismatch	restraint endpoint A:120:LEU:HD22 declares residue LEU, but its resolved sequence record is A:117 (GLU)	294	A:120:LEU:HD22 -- B:848:MET:HE3
nef_distance_restraint_list_XPLOR-NIH_distance_restraints_1:54	sequence_residue_mismatch	restraint endpoint A:120:LEU:HD23 declares residue LEU, but its resolved sequence record is A:117 (GLU)	295	A:120:LEU:HD23 -- B:848:MET:HE1
nef_distance_restraint_list_XPLOR-NIH_distance_restraints_1:54	sequence_residue_mismatch	restraint endpoint A:120:LEU:HD23 declares residue LEU, but its resolved sequence record is A:117 (GLU)	296	A:120:LEU:HD23 -- B:848:MET:HE2
nef_distance_restraint_list_XPLOR-NIH_distance_restraints_1:54	sequence_residue_mismatch	restraint endpoint A:120:LEU:HD23 declares residue LEU, but its resolved sequence record is A:117 (GLU)	297	A:120:LEU:HD23 -- B:848:MET:HE3
nef_distance_restraint_list_XPLOR-NIH_distance_restraints_1:55	sequence_residue_mismatch	restraint endpoint A:128:MET:HE1 declares residue MET, but its resolved sequence record is A:125 (GLU)	298	A:128:MET:HE1 -- B:848:MET:HBx
nef_distance_restraint_list_XPLOR-NIH_distance_restraints_1:55	sequence_residue_mismatch	restraint endpoint A:128:MET:HE1 declares residue MET, but its resolved sequence record is A:125 (GLU)	299	A:128:MET:HE1 -- B:848:MET:HBy
nef_distance_restraint_list_XPLOR-NIH_distance_restraints_1:55	sequence_residue_mismatch	restraint endpoint A:128:MET:HE2 declares residue MET, but its resolved sequence record is A:125 (GLU)	300	A:128:MET:HE2 -- B:848:MET:HBx
nef_distance_restraint_list_XPLOR-NIH_distance_restraints_1:55	sequence_residue_mismatch	restraint endpoint A:128:MET:HE2 declares residue MET, but its resolved sequence record is A:125 (GLU)	301	A:128:MET:HE2 -- B:848:MET:HBy
nef_distance_restraint_list_XPLOR-NIH_distance_restraints_1:55	sequence_residue_mismatch	restraint endpoint A:128:MET:HE3 declares residue MET, but its resolved sequence record is A:125 (GLU)	302	A:128:MET:HE3 -- B:848:MET:HBx
nef_distance_restraint_list_XPLOR-NIH_distance_restraints_1:55	sequence_residue_mismatch	restraint endpoint A:128:MET:HE3 declares residue MET, but its resolved sequence record is A:125 (GLU)	303	A:128:MET:HE3 -- B:848:MET:HBy
nef_distance_restraint_list_XPLOR-NIH_distance_restraints_1:56	sequence_residue_mismatch	restraint endpoint A:149:MET:HE1 declares residue MET, but its resolved sequence record is A:146 (LYS)	304	A:149:MET:HE1 -- B:852:PHE:HDx
nef_distance_restraint_list_XPLOR-NIH_distance_restraints_1:56	sequence_residue_mismatch	restraint endpoint A:149:MET:HE1 declares residue MET, but its resolved sequence record is A:146 (LYS)	305	A:149:MET:HE1 -- B:852:PHE:HDy
nef_distance_restraint_list_XPLOR-NIH_distance_restraints_1:56	sequence_residue_mismatch	restraint endpoint A:149:MET:HE2 declares residue MET, but its resolved sequence record is A:146 (LYS)	306	A:149:MET:HE2 -- B:852:PHE:HDx
nef_distance_restraint_list_XPLOR-NIH_distance_restraints_1:56	sequence_residue_mismatch	restraint endpoint A:149:MET:HE2 declares residue MET, but its resolved sequence record is A:146 (LYS)	307	A:149:MET:HE2 -- B:852:PHE:HDy
nef_distance_restraint_list_XPLOR-NIH_distance_restraints_1:56	sequence_residue_mismatch	restraint endpoint A:149:MET:HE3 declares residue MET, but its resolved sequence record is A:146 (LYS)	308	A:149:MET:HE3 -- B:852:PHE:HDx
nef_distance_restraint_list_XPLOR-NIH_distance_restraints_1:56	sequence_residue_mismatch	restraint endpoint A:149:MET:HE3 declares residue MET, but its resolved sequence record is A:146 (LYS)	309	A:149:MET:HE3 -- B:852:PHE:HDy
nef_distance_restraint_list_XPLOR-NIH_distance_restraints_1:57	sequence_residue_mismatch	restraint endpoint A:149:MET:HE1 declares residue MET, but its resolved sequence record is A:146 (LYS)	310	A:149:MET:HE1 -- B:852:PHE:HEx
nef_distance_restraint_list_XPLOR-NIH_distance_restraints_1:57	sequence_residue_mismatch	restraint endpoint A:149:MET:HE1 declares residue MET, but its resolved sequence record is A:146 (LYS)	311	A:149:MET:HE1 -- B:852:PHE:HEy
nef_distance_restraint_list_XPLOR-NIH_distance_restraints_1:57	sequence_residue_mismatch	restraint endpoint A:149:MET:HE2 declares residue MET, but its resolved sequence record is A:146 (LYS)	312	A:149:MET:HE2 -- B:852:PHE:HEx
nef_distance_restraint_list_XPLOR-NIH_distance_restraints_1:57	sequence_residue_mismatch	restraint endpoint A:149:MET:HE2 declares residue MET, but its resolved sequence record is A:146 (LYS)	313	A:149:MET:HE2 -- B:852:PHE:HEy
nef_distance_restraint_list_XPLOR-NIH_distance_restraints_1:57	sequence_residue_mismatch	restraint endpoint A:149:MET:HE3 declares residue MET, but its resolved sequence record is A:146 (LYS)	314	A:149:MET:HE3 -- B:852:PHE:HEx
nef_distance_restraint_list_XPLOR-NIH_distance_restraints_1:57	sequence_residue_mismatch	restraint endpoint A:149:MET:HE3 declares residue MET, but its resolved sequence record is A:146 (LYS)	315	A:149:MET:HE3 -- B:852:PHE:HEy
nef_distance_restraint_list_XPLOR-NIH_distance_restraints_1:58	sequence_residue_mismatch	restraint endpoint A:149:MET:HE1 declares residue MET, but its resolved sequence record is A:146 (LYS)	316	A:149:MET:HE1 -- B:853:ALA:HA
nef_distance_restraint_list_XPLOR-NIH_distance_restraints_1:58	sequence_residue_mismatch	restraint endpoint A:149:MET:HE2 declares residue MET, but its resolved sequence record is A:146 (LYS)	317	A:149:MET:HE2 -- B:853:ALA:HA
nef_distance_restraint_list_XPLOR-NIH_distance_restraints_1:58	sequence_residue_mismatch	restraint endpoint A:149:MET:HE3 declares residue MET, but its resolved sequence record is A:146 (LYS)	318	A:149:MET:HE3 -- B:853:ALA:HA
