group_id	restraint_id	alternative_number	chain_1	residue_index_1	atom_1	chain_2	residue_index_2	atom_2	max_distance_A	raw_projected_distance_A	boltz_adjustment	averaging_factor	explicit_pair_count	source_rows	source_endpoints	reason_not_emitted
XPLOR-NIH/CNS_distance_restraints_4:1881	1881	1	A	27	CE1	A	98	NH1	7.239685			1.25992105	4	4430;4431;4432;4433	A:98:ARG:HH1# -- A:27:PHE:HE#	The original restraint is a disjunction whose alternatives map to multiple distinct heavy-atom pairs. Emitting all pairs would convert OR into AND.
XPLOR-NIH/CNS_distance_restraints_4:1881	1881	2	A	27	CE2	A	98	NH1	7.239685			1.25992105	4	4430;4431;4432;4433	A:98:ARG:HH1# -- A:27:PHE:HE#	The original restraint is a disjunction whose alternatives map to multiple distinct heavy-atom pairs. Emitting all pairs would convert OR into AND.
XPLOR-NIH/CNS_distance_restraints_4:1979	1979	1	A	87	CD2	A	92	CD2	8.980031			1.34800615	6	4847;4848;4849	A:87:LEU:HD2# -- A:92:HIS:HD#	The original restraint is a disjunction whose alternatives map to multiple distinct heavy-atom pairs. Emitting all pairs would convert OR into AND.
XPLOR-NIH/CNS_distance_restraints_4:1979	1979	2	A	87	CD2	A	92	ND1	8.940031			1.34800615	6	4847;4848;4849	A:87:LEU:HD2# -- A:92:HIS:HD#	The original restraint is a disjunction whose alternatives map to multiple distinct heavy-atom pairs. Emitting all pairs would convert OR into AND.
XPLOR-NIH/CNS_distance_restraints_4:1984	1984	1	A	97	CE1	A	101	CE	10.328037			1.34800615	6	4864;4865;4866;4867;4868;4869	A:101:MET:HE# -- A:97:TYR:HE#	The original restraint is a disjunction whose alternatives map to multiple distinct heavy-atom pairs. Emitting all pairs would convert OR into AND.
XPLOR-NIH/CNS_distance_restraints_4:1984	1984	2	A	97	CE2	A	101	CE	10.328037			1.34800615	6	4864;4865;4866;4867;4868;4869	A:101:MET:HE# -- A:97:TYR:HE#	The original restraint is a disjunction whose alternatives map to multiple distinct heavy-atom pairs. Emitting all pairs would convert OR into AND.
XPLOR-NIH/CNS_distance_restraints_4:2337	2337	1	A	90	ND2	A	92	CE1	9.759527			1.25992105	4	6069;6070;6071;6072	A:90:ASN:HD2# -- A:92:HIS:HE#	The original restraint is a disjunction whose alternatives map to multiple distinct heavy-atom pairs. Emitting all pairs would convert OR into AND.
XPLOR-NIH/CNS_distance_restraints_4:2337	2337	2	A	90	ND2	A	92	NE2	9.719527			1.25992105	4	6069;6070;6071;6072	A:90:ASN:HD2# -- A:92:HIS:HE#	The original restraint is a disjunction whose alternatives map to multiple distinct heavy-atom pairs. Emitting all pairs would convert OR into AND.
XPLOR-NIH/CNS_distance_restraints_4:2442	2442	1	A	116	CD1	A	135	CD1	7.632025			1.34800615	6	6313;6314;6315;6316;6317;6318	A:116:LEU:HD1# -- A:135:PHE:HD#	The original restraint is a disjunction whose alternatives map to multiple distinct heavy-atom pairs. Emitting all pairs would convert OR into AND.
XPLOR-NIH/CNS_distance_restraints_4:2442	2442	2	A	116	CD1	A	135	CD2	7.632025			1.34800615	6	6313;6314;6315;6316;6317;6318	A:116:LEU:HD1# -- A:135:PHE:HD#	The original restraint is a disjunction whose alternatives map to multiple distinct heavy-atom pairs. Emitting all pairs would convert OR into AND.
XPLOR-NIH/CNS_distance_restraints_4:2443	2443	1	A	116	CD1	A	135	CE1	7.632025			1.34800615	6	6319;6320;6321;6322;6323;6324	A:116:LEU:HD1# -- A:135:PHE:HE#	The original restraint is a disjunction whose alternatives map to multiple distinct heavy-atom pairs. Emitting all pairs would convert OR into AND.
XPLOR-NIH/CNS_distance_restraints_4:2443	2443	2	A	116	CD1	A	135	CE2	7.632025			1.34800615	6	6319;6320;6321;6322;6323;6324	A:116:LEU:HD1# -- A:135:PHE:HE#	The original restraint is a disjunction whose alternatives map to multiple distinct heavy-atom pairs. Emitting all pairs would convert OR into AND.
XPLOR-NIH/CNS_distance_restraints_4:2557	2557	1	A	135	CE1	A	156	CD1	8.980031			1.34800615	6	6718;6719;6720;6721;6722;6723	A:156:LEU:HD1# -- A:135:PHE:HE#	The original restraint is a disjunction whose alternatives map to multiple distinct heavy-atom pairs. Emitting all pairs would convert OR into AND.
XPLOR-NIH/CNS_distance_restraints_4:2557	2557	2	A	135	CE2	A	156	CD1	8.980031			1.34800615	6	6718;6719;6720;6721;6722;6723	A:156:LEU:HD1# -- A:135:PHE:HE#	The original restraint is a disjunction whose alternatives map to multiple distinct heavy-atom pairs. Emitting all pairs would convert OR into AND.
