source_chain	source_sequence_code	source_residue_name	boltz_chain	boltz_residue_index	mapping_source	aliases	warnings
A	4	GLN	A	1	_Chem_comp_assembly	"[[""1"", ""1"", ""GLN""], [""1"", ""4"", ""GLN""], [""A"", ""1"", ""GLN""], [""A"", ""4"", ""GLN""]]"	
A	5	LEU	A	2	_Chem_comp_assembly	"[[""1"", ""2"", ""LEU""], [""1"", ""5"", ""LEU""], [""A"", ""2"", ""LEU""], [""A"", ""5"", ""LEU""]]"	
A	6	THR	A	3	_Chem_comp_assembly	"[[""1"", ""3"", ""THR""], [""1"", ""6"", ""THR""], [""A"", ""3"", ""THR""], [""A"", ""6"", ""THR""]]"	
A	7	GLU	A	4	_Chem_comp_assembly	"[[""1"", ""4"", ""GLU""], [""1"", ""7"", ""GLU""], [""A"", ""4"", ""GLU""], [""A"", ""7"", ""GLU""]]"	
A	8	GLU	A	5	_Chem_comp_assembly	"[[""1"", ""5"", ""GLU""], [""1"", ""8"", ""GLU""], [""A"", ""5"", ""GLU""], [""A"", ""8"", ""GLU""]]"	
A	9	GLN	A	6	_Chem_comp_assembly	"[[""1"", ""6"", ""GLN""], [""1"", ""9"", ""GLN""], [""A"", ""6"", ""GLN""], [""A"", ""9"", ""GLN""]]"	
A	10	ILE	A	7	_Chem_comp_assembly	"[[""1"", ""7"", ""ILE""], [""1"", ""10"", ""ILE""], [""A"", ""7"", ""ILE""], [""A"", ""10"", ""ILE""]]"	
A	11	ALA	A	8	_Chem_comp_assembly	"[[""1"", ""8"", ""ALA""], [""1"", ""11"", ""ALA""], [""A"", ""8"", ""ALA""], [""A"", ""11"", ""ALA""]]"	
A	12	GLU	A	9	_Chem_comp_assembly	"[[""1"", ""9"", ""GLU""], [""1"", ""12"", ""GLU""], [""A"", ""9"", ""GLU""], [""A"", ""12"", ""GLU""]]"	
A	13	PHE	A	10	_Chem_comp_assembly	"[[""1"", ""10"", ""PHE""], [""1"", ""13"", ""PHE""], [""A"", ""10"", ""PHE""], [""A"", ""13"", ""PHE""]]"	
A	14	LYS	A	11	_Chem_comp_assembly	"[[""1"", ""11"", ""LYS""], [""1"", ""14"", ""LYS""], [""A"", ""11"", ""LYS""], [""A"", ""14"", ""LYS""]]"	
A	15	GLU	A	12	_Chem_comp_assembly	"[[""1"", ""12"", ""GLU""], [""1"", ""15"", ""GLU""], [""A"", ""12"", ""GLU""], [""A"", ""15"", ""GLU""]]"	
A	16	ALA	A	13	_Chem_comp_assembly	"[[""1"", ""13"", ""ALA""], [""1"", ""16"", ""ALA""], [""A"", ""13"", ""ALA""], [""A"", ""16"", ""ALA""]]"	
A	17	PHE	A	14	_Chem_comp_assembly	"[[""1"", ""14"", ""PHE""], [""1"", ""17"", ""PHE""], [""A"", ""14"", ""PHE""], [""A"", ""17"", ""PHE""]]"	
A	18	SER	A	15	_Chem_comp_assembly	"[[""1"", ""15"", ""SER""], [""1"", ""18"", ""SER""], [""A"", ""15"", ""SER""], [""A"", ""18"", ""SER""]]"	
A	19	LEU	A	16	_Chem_comp_assembly	"[[""1"", ""16"", ""LEU""], [""1"", ""19"", ""LEU""], [""A"", ""16"", ""LEU""], [""A"", ""19"", ""LEU""]]"	
A	20	PHE	A	17	_Chem_comp_assembly	"[[""1"", ""17"", ""PHE""], [""1"", ""20"", ""PHE""], [""A"", ""17"", ""PHE""], [""A"", ""20"", ""PHE""]]"	
A	21	ASP	A	18	_Chem_comp_assembly	"[[""1"", ""18"", ""ASP""], [""1"", ""21"", ""ASP""], [""A"", ""18"", ""ASP""], [""A"", ""21"", ""ASP""]]"	
A	22	LYS	A	19	_Chem_comp_assembly	"[[""1"", ""19"", ""LYS""], [""1"", ""22"", ""LYS""], [""A"", ""19"", ""LYS""], [""A"", ""22"", ""LYS""]]"	
A	23	ASP	A	20	_Chem_comp_assembly	"[[""1"", ""20"", ""ASP""], [""1"", ""23"", ""ASP""], [""A"", ""20"", ""ASP""], [""A"", ""23"", ""ASP""]]"	
A	24	GLY	A	21	_Chem_comp_assembly	"[[""1"", ""21"", ""GLY""], [""1"", ""24"", ""GLY""], [""A"", ""21"", ""GLY""], [""A"", ""24"", ""GLY""]]"	
A	25	ASP	A	22	_Chem_comp_assembly	"[[""1"", ""22"", ""ASP""], [""1"", ""25"", ""ASP""], [""A"", ""22"", ""ASP""], [""A"", ""25"", ""ASP""]]"	
A	26	GLY	A	23	_Chem_comp_assembly	"[[""1"", ""23"", ""GLY""], [""1"", ""26"", ""GLY""], [""A"", ""23"", ""GLY""], [""A"", ""26"", ""GLY""]]"	
A	27	THR	A	24	_Chem_comp_assembly	"[[""1"", ""24"", ""THR""], [""1"", ""27"", ""THR""], [""A"", ""24"", ""THR""], [""A"", ""27"", ""THR""]]"	
A	28	ILE	A	25	_Chem_comp_assembly	"[[""1"", ""25"", ""ILE""], [""1"", ""28"", ""ILE""], [""A"", ""25"", ""ILE""], [""A"", ""28"", ""ILE""]]"	
A	29	THR	A	26	_Chem_comp_assembly	"[[""1"", ""26"", ""THR""], [""1"", ""29"", ""THR""], [""A"", ""26"", ""THR""], [""A"", ""29"", ""THR""]]"	
A	30	THR	A	27	_Chem_comp_assembly	"[[""1"", ""27"", ""THR""], [""1"", ""30"", ""THR""], [""A"", ""27"", ""THR""], [""A"", ""30"", ""THR""]]"	
A	31	LYS	A	28	_Chem_comp_assembly	"[[""1"", ""28"", ""LYS""], [""1"", ""31"", ""LYS""], [""A"", ""28"", ""LYS""], [""A"", ""31"", ""LYS""]]"	
A	32	GLU	A	29	_Chem_comp_assembly	"[[""1"", ""29"", ""GLU""], [""1"", ""32"", ""GLU""], [""A"", ""29"", ""GLU""], [""A"", ""32"", ""GLU""]]"	
A	33	LEU	A	30	_Chem_comp_assembly	"[[""1"", ""30"", ""LEU""], [""1"", ""33"", ""LEU""], [""A"", ""30"", ""LEU""], [""A"", ""33"", ""LEU""]]"	
A	34	GLY	A	31	_Chem_comp_assembly	"[[""1"", ""31"", ""GLY""], [""1"", ""34"", ""GLY""], [""A"", ""31"", ""GLY""], [""A"", ""34"", ""GLY""]]"	
A	35	THR	A	32	_Chem_comp_assembly	"[[""1"", ""32"", ""THR""], [""1"", ""35"", ""THR""], [""A"", ""32"", ""THR""], [""A"", ""35"", ""THR""]]"	
A	36	VAL	A	33	_Chem_comp_assembly	"[[""1"", ""33"", ""VAL""], [""1"", ""36"", ""VAL""], [""A"", ""33"", ""VAL""], [""A"", ""36"", ""VAL""]]"	
A	37	MET	A	34	_Chem_comp_assembly	"[[""1"", ""34"", ""MET""], [""1"", ""37"", ""MET""], [""A"", ""34"", ""MET""], [""A"", ""37"", ""MET""]]"	
A	38	ARG	A	35	_Chem_comp_assembly	"[[""1"", ""35"", ""ARG""], [""1"", ""38"", ""ARG""], [""A"", ""35"", ""ARG""], [""A"", ""38"", ""ARG""]]"	
A	39	SER	A	36	_Chem_comp_assembly	"[[""1"", ""36"", ""SER""], [""1"", ""39"", ""SER""], [""A"", ""36"", ""SER""], [""A"", ""39"", ""SER""]]"	
A	40	LEU	A	37	_Chem_comp_assembly	"[[""1"", ""37"", ""LEU""], [""1"", ""40"", ""LEU""], [""A"", ""37"", ""LEU""], [""A"", ""40"", ""LEU""]]"	
A	41	GLY	A	38	_Chem_comp_assembly	"[[""1"", ""38"", ""GLY""], [""1"", ""41"", ""GLY""], [""A"", ""38"", ""GLY""], [""A"", ""41"", ""GLY""]]"	
A	42	GLN	A	39	_Chem_comp_assembly	"[[""1"", ""39"", ""GLN""], [""1"", ""42"", ""GLN""], [""A"", ""39"", ""GLN""], [""A"", ""42"", ""GLN""]]"	
A	43	ASN	A	40	_Chem_comp_assembly	"[[""1"", ""40"", ""ASN""], [""1"", ""43"", ""ASN""], [""A"", ""40"", ""ASN""], [""A"", ""43"", ""ASN""]]"	
A	44	PRO	A	41	_Chem_comp_assembly	"[[""1"", ""41"", ""PRO""], [""1"", ""44"", ""PRO""], [""A"", ""41"", ""PRO""], [""A"", ""44"", ""PRO""]]"	
A	45	THR	A	42	_Chem_comp_assembly	"[[""1"", ""42"", ""THR""], [""1"", ""45"", ""THR""], [""A"", ""42"", ""THR""], [""A"", ""45"", ""THR""]]"	
A	46	GLU	A	43	_Chem_comp_assembly	"[[""1"", ""43"", ""GLU""], [""1"", ""46"", ""GLU""], [""A"", ""43"", ""GLU""], [""A"", ""46"", ""GLU""]]"	
A	47	ALA	A	44	_Chem_comp_assembly	"[[""1"", ""44"", ""ALA""], [""1"", ""47"", ""ALA""], [""A"", ""44"", ""ALA""], [""A"", ""47"", ""ALA""]]"	
A	48	GLU	A	45	_Chem_comp_assembly	"[[""1"", ""45"", ""GLU""], [""1"", ""48"", ""GLU""], [""A"", ""45"", ""GLU""], [""A"", ""48"", ""GLU""]]"	
A	49	LEU	A	46	_Chem_comp_assembly	"[[""1"", ""46"", ""LEU""], [""1"", ""49"", ""LEU""], [""A"", ""46"", ""LEU""], [""A"", ""49"", ""LEU""]]"	
A	50	GLN	A	47	_Chem_comp_assembly	"[[""1"", ""47"", ""GLN""], [""1"", ""50"", ""GLN""], [""A"", ""47"", ""GLN""], [""A"", ""50"", ""GLN""]]"	
A	51	ASP	A	48	_Chem_comp_assembly	"[[""1"", ""48"", ""ASP""], [""1"", ""51"", ""ASP""], [""A"", ""48"", ""ASP""], [""A"", ""51"", ""ASP""]]"	
A	52	MET	A	49	_Chem_comp_assembly	"[[""1"", ""49"", ""MET""], [""1"", ""52"", ""MET""], [""A"", ""49"", ""MET""], [""A"", ""52"", ""MET""]]"	
A	53	ILE	A	50	_Chem_comp_assembly	"[[""1"", ""50"", ""ILE""], [""1"", ""53"", ""ILE""], [""A"", ""50"", ""ILE""], [""A"", ""53"", ""ILE""]]"	
A	54	ASN	A	51	_Chem_comp_assembly	"[[""1"", ""51"", ""ASN""], [""1"", ""54"", ""ASN""], [""A"", ""51"", ""ASN""], [""A"", ""54"", ""ASN""]]"	
A	55	GLU	A	52	_Chem_comp_assembly	"[[""1"", ""52"", ""GLU""], [""1"", ""55"", ""GLU""], [""A"", ""52"", ""GLU""], [""A"", ""55"", ""GLU""]]"	
A	56	VAL	A	53	_Chem_comp_assembly	"[[""1"", ""53"", ""VAL""], [""1"", ""56"", ""VAL""], [""A"", ""53"", ""VAL""], [""A"", ""56"", ""VAL""]]"	
A	57	ASP	A	54	_Chem_comp_assembly	"[[""1"", ""54"", ""ASP""], [""1"", ""57"", ""ASP""], [""A"", ""54"", ""ASP""], [""A"", ""57"", ""ASP""]]"	
A	58	ALA	A	55	_Chem_comp_assembly	"[[""1"", ""55"", ""ALA""], [""1"", ""58"", ""ALA""], [""A"", ""55"", ""ALA""], [""A"", ""58"", ""ALA""]]"	
A	59	ASP	A	56	_Chem_comp_assembly	"[[""1"", ""56"", ""ASP""], [""1"", ""59"", ""ASP""], [""A"", ""56"", ""ASP""], [""A"", ""59"", ""ASP""]]"	
A	60	GLY	A	57	_Chem_comp_assembly	"[[""1"", ""57"", ""GLY""], [""1"", ""60"", ""GLY""], [""A"", ""57"", ""GLY""], [""A"", ""60"", ""GLY""]]"	
A	61	ASN	A	58	_Chem_comp_assembly	"[[""1"", ""58"", ""ASN""], [""1"", ""61"", ""ASN""], [""A"", ""58"", ""ASN""], [""A"", ""61"", ""ASN""]]"	
A	62	GLY	A	59	_Chem_comp_assembly	"[[""1"", ""59"", ""GLY""], [""1"", ""62"", ""GLY""], [""A"", ""59"", ""GLY""], [""A"", ""62"", ""GLY""]]"	
A	63	THR	A	60	_Chem_comp_assembly	"[[""1"", ""60"", ""THR""], [""1"", ""63"", ""THR""], [""A"", ""60"", ""THR""], [""A"", ""63"", ""THR""]]"	
A	64	ILE	A	61	_Chem_comp_assembly	"[[""1"", ""61"", ""ILE""], [""1"", ""64"", ""ILE""], [""A"", ""61"", ""ILE""], [""A"", ""64"", ""ILE""]]"	
A	65	ASP	A	62	_Chem_comp_assembly	"[[""1"", ""62"", ""ASP""], [""1"", ""65"", ""ASP""], [""A"", ""62"", ""ASP""], [""A"", ""65"", ""ASP""]]"	
A	66	PHE	A	63	_Chem_comp_assembly	"[[""1"", ""63"", ""PHE""], [""1"", ""66"", ""PHE""], [""A"", ""63"", ""PHE""], [""A"", ""66"", ""PHE""]]"	
A	67	PRO	A	64	_Chem_comp_assembly	"[[""1"", ""64"", ""PRO""], [""1"", ""67"", ""PRO""], [""A"", ""64"", ""PRO""], [""A"", ""67"", ""PRO""]]"	
A	68	GLU	A	65	_Chem_comp_assembly	"[[""1"", ""65"", ""GLU""], [""1"", ""68"", ""GLU""], [""A"", ""65"", ""GLU""], [""A"", ""68"", ""GLU""]]"	
A	69	PHE	A	66	_Chem_comp_assembly	"[[""1"", ""66"", ""PHE""], [""1"", ""69"", ""PHE""], [""A"", ""66"", ""PHE""], [""A"", ""69"", ""PHE""]]"	
A	70	LEU	A	67	_Chem_comp_assembly	"[[""1"", ""67"", ""LEU""], [""1"", ""70"", ""LEU""], [""A"", ""67"", ""LEU""], [""A"", ""70"", ""LEU""]]"	
A	71	THR	A	68	_Chem_comp_assembly	"[[""1"", ""68"", ""THR""], [""1"", ""71"", ""THR""], [""A"", ""68"", ""THR""], [""A"", ""71"", ""THR""]]"	
A	72	MET	A	69	_Chem_comp_assembly	"[[""1"", ""69"", ""MET""], [""1"", ""72"", ""MET""], [""A"", ""69"", ""MET""], [""A"", ""72"", ""MET""]]"	
A	73	MET	A	70	_Chem_comp_assembly	"[[""1"", ""70"", ""MET""], [""1"", ""73"", ""MET""], [""A"", ""70"", ""MET""], [""A"", ""73"", ""MET""]]"	
A	74	ALA	A	71	_Chem_comp_assembly	"[[""1"", ""71"", ""ALA""], [""1"", ""74"", ""ALA""], [""A"", ""71"", ""ALA""], [""A"", ""74"", ""ALA""]]"	
A	75	ARG	A	72	_Chem_comp_assembly	"[[""1"", ""72"", ""ARG""], [""1"", ""75"", ""ARG""], [""A"", ""72"", ""ARG""], [""A"", ""75"", ""ARG""]]"	
A	76	LYS	A	73	_Chem_comp_assembly	"[[""1"", ""73"", ""LYS""], [""1"", ""76"", ""LYS""], [""A"", ""73"", ""LYS""], [""A"", ""76"", ""LYS""]]"	
A	77	MET	A	74	_Chem_comp_assembly	"[[""1"", ""74"", ""MET""], [""1"", ""77"", ""MET""], [""A"", ""74"", ""MET""], [""A"", ""77"", ""MET""]]"	
A	78	LYS	A	75	_Chem_comp_assembly	"[[""1"", ""75"", ""LYS""], [""1"", ""78"", ""LYS""], [""A"", ""75"", ""LYS""], [""A"", ""78"", ""LYS""]]"	
A	79	ASP	A	76	_Chem_comp_assembly	"[[""1"", ""76"", ""ASP""], [""1"", ""79"", ""ASP""], [""A"", ""76"", ""ASP""], [""A"", ""79"", ""ASP""]]"	
A	80	THR	A	77	_Chem_comp_assembly	"[[""1"", ""77"", ""THR""], [""1"", ""80"", ""THR""], [""A"", ""77"", ""THR""], [""A"", ""80"", ""THR""]]"	
A	81	ASP	A	78	_Chem_comp_assembly	"[[""1"", ""78"", ""ASP""], [""1"", ""81"", ""ASP""], [""A"", ""78"", ""ASP""], [""A"", ""81"", ""ASP""]]"	
A	82	SER	A	79	_Chem_comp_assembly	"[[""1"", ""79"", ""SER""], [""1"", ""82"", ""SER""], [""A"", ""79"", ""SER""], [""A"", ""82"", ""SER""]]"	
A	83	GLU	A	80	_Chem_comp_assembly	"[[""1"", ""80"", ""GLU""], [""1"", ""83"", ""GLU""], [""A"", ""80"", ""GLU""], [""A"", ""83"", ""GLU""]]"	
A	84	GLU	A	81	_Chem_comp_assembly	"[[""1"", ""81"", ""GLU""], [""1"", ""84"", ""GLU""], [""A"", ""81"", ""GLU""], [""A"", ""84"", ""GLU""]]"	
A	85	GLU	A	82	_Chem_comp_assembly	"[[""1"", ""82"", ""GLU""], [""1"", ""85"", ""GLU""], [""A"", ""82"", ""GLU""], [""A"", ""85"", ""GLU""]]"	
A	86	ILE	A	83	_Chem_comp_assembly	"[[""1"", ""83"", ""ILE""], [""1"", ""86"", ""ILE""], [""A"", ""83"", ""ILE""], [""A"", ""86"", ""ILE""]]"	
A	87	ARG	A	84	_Chem_comp_assembly	"[[""1"", ""84"", ""ARG""], [""1"", ""87"", ""ARG""], [""A"", ""84"", ""ARG""], [""A"", ""87"", ""ARG""]]"	
A	88	GLU	A	85	_Chem_comp_assembly	"[[""1"", ""85"", ""GLU""], [""1"", ""88"", ""GLU""], [""A"", ""85"", ""GLU""], [""A"", ""88"", ""GLU""]]"	
A	89	ALA	A	86	_Chem_comp_assembly	"[[""1"", ""86"", ""ALA""], [""1"", ""89"", ""ALA""], [""A"", ""86"", ""ALA""], [""A"", ""89"", ""ALA""]]"	
A	90	PHE	A	87	_Chem_comp_assembly	"[[""1"", ""87"", ""PHE""], [""1"", ""90"", ""PHE""], [""A"", ""87"", ""PHE""], [""A"", ""90"", ""PHE""]]"	
A	91	ARG	A	88	_Chem_comp_assembly	"[[""1"", ""88"", ""ARG""], [""1"", ""91"", ""ARG""], [""A"", ""88"", ""ARG""], [""A"", ""91"", ""ARG""]]"	
A	92	VAL	A	89	_Chem_comp_assembly	"[[""1"", ""89"", ""VAL""], [""1"", ""92"", ""VAL""], [""A"", ""89"", ""VAL""], [""A"", ""92"", ""VAL""]]"	
A	93	PHE	A	90	_Chem_comp_assembly	"[[""1"", ""90"", ""PHE""], [""1"", ""93"", ""PHE""], [""A"", ""90"", ""PHE""], [""A"", ""93"", ""PHE""]]"	
A	94	ASP	A	91	_Chem_comp_assembly	"[[""1"", ""91"", ""ASP""], [""1"", ""94"", ""ASP""], [""A"", ""91"", ""ASP""], [""A"", ""94"", ""ASP""]]"	
A	95	LYS	A	92	_Chem_comp_assembly	"[[""1"", ""92"", ""LYS""], [""1"", ""95"", ""LYS""], [""A"", ""92"", ""LYS""], [""A"", ""95"", ""LYS""]]"	
A	96	ASP	A	93	_Chem_comp_assembly	"[[""1"", ""93"", ""ASP""], [""1"", ""96"", ""ASP""], [""A"", ""93"", ""ASP""], [""A"", ""96"", ""ASP""]]"	
A	97	GLY	A	94	_Chem_comp_assembly	"[[""1"", ""94"", ""GLY""], [""1"", ""97"", ""GLY""], [""A"", ""94"", ""GLY""], [""A"", ""97"", ""GLY""]]"	
A	98	ASN	A	95	_Chem_comp_assembly	"[[""1"", ""95"", ""ASN""], [""1"", ""98"", ""ASN""], [""A"", ""95"", ""ASN""], [""A"", ""98"", ""ASN""]]"	
A	99	GLY	A	96	_Chem_comp_assembly	"[[""1"", ""96"", ""GLY""], [""1"", ""99"", ""GLY""], [""A"", ""96"", ""GLY""], [""A"", ""99"", ""GLY""]]"	
A	100	TYR	A	97	_Chem_comp_assembly	"[[""1"", ""97"", ""TYR""], [""1"", ""100"", ""TYR""], [""A"", ""97"", ""TYR""], [""A"", ""100"", ""TYR""]]"	
A	101	ILE	A	98	_Chem_comp_assembly	"[[""1"", ""98"", ""ILE""], [""1"", ""101"", ""ILE""], [""A"", ""98"", ""ILE""], [""A"", ""101"", ""ILE""]]"	
A	102	SER	A	99	_Chem_comp_assembly	"[[""1"", ""99"", ""SER""], [""1"", ""102"", ""SER""], [""A"", ""99"", ""SER""], [""A"", ""102"", ""SER""]]"	
A	103	ALA	A	100	_Chem_comp_assembly	"[[""1"", ""100"", ""ALA""], [""1"", ""103"", ""ALA""], [""A"", ""100"", ""ALA""], [""A"", ""103"", ""ALA""]]"	
A	104	ALA	A	101	_Chem_comp_assembly	"[[""1"", ""101"", ""ALA""], [""1"", ""104"", ""ALA""], [""A"", ""101"", ""ALA""], [""A"", ""104"", ""ALA""]]"	
A	105	GLU	A	102	_Chem_comp_assembly	"[[""1"", ""102"", ""GLU""], [""1"", ""105"", ""GLU""], [""A"", ""102"", ""GLU""], [""A"", ""105"", ""GLU""]]"	
A	106	LEU	A	103	_Chem_comp_assembly	"[[""1"", ""103"", ""LEU""], [""1"", ""106"", ""LEU""], [""A"", ""103"", ""LEU""], [""A"", ""106"", ""LEU""]]"	
A	107	ARG	A	104	_Chem_comp_assembly	"[[""1"", ""104"", ""ARG""], [""1"", ""107"", ""ARG""], [""A"", ""104"", ""ARG""], [""A"", ""107"", ""ARG""]]"	
A	108	HIS	A	105	_Chem_comp_assembly	"[[""1"", ""105"", ""HIS""], [""1"", ""108"", ""HIS""], [""A"", ""105"", ""HIS""], [""A"", ""108"", ""HIS""]]"	
A	109	VAL	A	106	_Chem_comp_assembly	"[[""1"", ""106"", ""VAL""], [""1"", ""109"", ""VAL""], [""A"", ""106"", ""VAL""], [""A"", ""109"", ""VAL""]]"	
A	110	MET	A	107	_Chem_comp_assembly	"[[""1"", ""107"", ""MET""], [""1"", ""110"", ""MET""], [""A"", ""107"", ""MET""], [""A"", ""110"", ""MET""]]"	
A	111	THR	A	108	_Chem_comp_assembly	"[[""1"", ""108"", ""THR""], [""1"", ""111"", ""THR""], [""A"", ""108"", ""THR""], [""A"", ""111"", ""THR""]]"	
A	112	ASN	A	109	_Chem_comp_assembly	"[[""1"", ""109"", ""ASN""], [""1"", ""112"", ""ASN""], [""A"", ""109"", ""ASN""], [""A"", ""112"", ""ASN""]]"	
A	113	LEU	A	110	_Chem_comp_assembly	"[[""1"", ""110"", ""LEU""], [""1"", ""113"", ""LEU""], [""A"", ""110"", ""LEU""], [""A"", ""113"", ""LEU""]]"	
A	114	GLY	A	111	_Chem_comp_assembly	"[[""1"", ""111"", ""GLY""], [""1"", ""114"", ""GLY""], [""A"", ""111"", ""GLY""], [""A"", ""114"", ""GLY""]]"	
A	115	GLU	A	112	_Chem_comp_assembly	"[[""1"", ""112"", ""GLU""], [""1"", ""115"", ""GLU""], [""A"", ""112"", ""GLU""], [""A"", ""115"", ""GLU""]]"	
A	116	LYS	A	113	_Chem_comp_assembly	"[[""1"", ""113"", ""LYS""], [""1"", ""116"", ""LYS""], [""A"", ""113"", ""LYS""], [""A"", ""116"", ""LYS""]]"	
A	117	LEU	A	114	_Chem_comp_assembly	"[[""1"", ""114"", ""LEU""], [""1"", ""117"", ""LEU""], [""A"", ""114"", ""LEU""], [""A"", ""117"", ""LEU""]]"	
A	118	THR	A	115	_Chem_comp_assembly	"[[""1"", ""115"", ""THR""], [""1"", ""118"", ""THR""], [""A"", ""115"", ""THR""], [""A"", ""118"", ""THR""]]"	
A	119	ASP	A	116	_Chem_comp_assembly	"[[""1"", ""116"", ""ASP""], [""1"", ""119"", ""ASP""], [""A"", ""116"", ""ASP""], [""A"", ""119"", ""ASP""]]"	
A	120	GLU	A	117	_Chem_comp_assembly	"[[""1"", ""117"", ""GLU""], [""1"", ""120"", ""GLU""], [""A"", ""117"", ""GLU""], [""A"", ""120"", ""GLU""]]"	
A	121	GLU	A	118	_Chem_comp_assembly	"[[""1"", ""118"", ""GLU""], [""1"", ""121"", ""GLU""], [""A"", ""118"", ""GLU""], [""A"", ""121"", ""GLU""]]"	
A	122	VAL	A	119	_Chem_comp_assembly	"[[""1"", ""119"", ""VAL""], [""1"", ""122"", ""VAL""], [""A"", ""119"", ""VAL""], [""A"", ""122"", ""VAL""]]"	
A	123	ASP	A	120	_Chem_comp_assembly	"[[""1"", ""120"", ""ASP""], [""1"", ""123"", ""ASP""], [""A"", ""120"", ""ASP""], [""A"", ""123"", ""ASP""]]"	
A	124	GLU	A	121	_Chem_comp_assembly	"[[""1"", ""121"", ""GLU""], [""1"", ""124"", ""GLU""], [""A"", ""121"", ""GLU""], [""A"", ""124"", ""GLU""]]"	
A	125	MET	A	122	_Chem_comp_assembly	"[[""1"", ""122"", ""MET""], [""1"", ""125"", ""MET""], [""A"", ""122"", ""MET""], [""A"", ""125"", ""MET""]]"	
A	126	ILE	A	123	_Chem_comp_assembly	"[[""1"", ""123"", ""ILE""], [""1"", ""126"", ""ILE""], [""A"", ""123"", ""ILE""], [""A"", ""126"", ""ILE""]]"	
A	127	ARG	A	124	_Chem_comp_assembly	"[[""1"", ""124"", ""ARG""], [""1"", ""127"", ""ARG""], [""A"", ""124"", ""ARG""], [""A"", ""127"", ""ARG""]]"	
A	128	GLU	A	125	_Chem_comp_assembly	"[[""1"", ""125"", ""GLU""], [""1"", ""128"", ""GLU""], [""A"", ""125"", ""GLU""], [""A"", ""128"", ""GLU""]]"	
A	129	ALA	A	126	_Chem_comp_assembly	"[[""1"", ""126"", ""ALA""], [""1"", ""129"", ""ALA""], [""A"", ""126"", ""ALA""], [""A"", ""129"", ""ALA""]]"	
A	130	ASP	A	127	_Chem_comp_assembly	"[[""1"", ""127"", ""ASP""], [""1"", ""130"", ""ASP""], [""A"", ""127"", ""ASP""], [""A"", ""130"", ""ASP""]]"	
A	131	ILE	A	128	_Chem_comp_assembly	"[[""1"", ""128"", ""ILE""], [""1"", ""131"", ""ILE""], [""A"", ""128"", ""ILE""], [""A"", ""131"", ""ILE""]]"	
A	132	ASP	A	129	_Chem_comp_assembly	"[[""1"", ""129"", ""ASP""], [""1"", ""132"", ""ASP""], [""A"", ""129"", ""ASP""], [""A"", ""132"", ""ASP""]]"	
A	133	GLY	A	130	_Chem_comp_assembly	"[[""1"", ""130"", ""GLY""], [""1"", ""133"", ""GLY""], [""A"", ""130"", ""GLY""], [""A"", ""133"", ""GLY""]]"	
A	134	ASP	A	131	_Chem_comp_assembly	"[[""1"", ""131"", ""ASP""], [""1"", ""134"", ""ASP""], [""A"", ""131"", ""ASP""], [""A"", ""134"", ""ASP""]]"	
A	135	GLY	A	132	_Chem_comp_assembly	"[[""1"", ""132"", ""GLY""], [""1"", ""135"", ""GLY""], [""A"", ""132"", ""GLY""], [""A"", ""135"", ""GLY""]]"	
A	136	GLN	A	133	_Chem_comp_assembly	"[[""1"", ""133"", ""GLN""], [""1"", ""136"", ""GLN""], [""A"", ""133"", ""GLN""], [""A"", ""136"", ""GLN""]]"	
A	137	VAL	A	134	_Chem_comp_assembly	"[[""1"", ""134"", ""VAL""], [""1"", ""137"", ""VAL""], [""A"", ""134"", ""VAL""], [""A"", ""137"", ""VAL""]]"	
A	138	ASN	A	135	_Chem_comp_assembly	"[[""1"", ""135"", ""ASN""], [""1"", ""138"", ""ASN""], [""A"", ""135"", ""ASN""], [""A"", ""138"", ""ASN""]]"	
A	139	TYR	A	136	_Chem_comp_assembly	"[[""1"", ""136"", ""TYR""], [""1"", ""139"", ""TYR""], [""A"", ""136"", ""TYR""], [""A"", ""139"", ""TYR""]]"	
A	140	GLU	A	137	_Chem_comp_assembly	"[[""1"", ""137"", ""GLU""], [""1"", ""140"", ""GLU""], [""A"", ""137"", ""GLU""], [""A"", ""140"", ""GLU""]]"	
A	141	GLU	A	138	_Chem_comp_assembly	"[[""1"", ""138"", ""GLU""], [""1"", ""141"", ""GLU""], [""A"", ""138"", ""GLU""], [""A"", ""141"", ""GLU""]]"	
A	142	PHE	A	139	_Chem_comp_assembly	"[[""1"", ""139"", ""PHE""], [""1"", ""142"", ""PHE""], [""A"", ""139"", ""PHE""], [""A"", ""142"", ""PHE""]]"	
A	143	VAL	A	140	_Chem_comp_assembly	"[[""1"", ""140"", ""VAL""], [""1"", ""143"", ""VAL""], [""A"", ""140"", ""VAL""], [""A"", ""143"", ""VAL""]]"	
A	144	GLN	A	141	_Chem_comp_assembly	"[[""1"", ""141"", ""GLN""], [""1"", ""144"", ""GLN""], [""A"", ""141"", ""GLN""], [""A"", ""144"", ""GLN""]]"	
A	145	MET	A	142	_Chem_comp_assembly	"[[""1"", ""142"", ""MET""], [""1"", ""145"", ""MET""], [""A"", ""142"", ""MET""], [""A"", ""145"", ""MET""]]"	
A	146	MET	A	143	_Chem_comp_assembly	"[[""1"", ""143"", ""MET""], [""1"", ""146"", ""MET""], [""A"", ""143"", ""MET""], [""A"", ""146"", ""MET""]]"	
A	147	THR	A	144	_Chem_comp_assembly	"[[""1"", ""144"", ""THR""], [""1"", ""147"", ""THR""], [""A"", ""144"", ""THR""], [""A"", ""147"", ""THR""]]"	
A	148	ALA	A	145	_Chem_comp_assembly	"[[""1"", ""145"", ""ALA""], [""1"", ""148"", ""ALA""], [""A"", ""145"", ""ALA""], [""A"", ""148"", ""ALA""]]"	
A	149	LYS	A	146	_Chem_comp_assembly	"[[""1"", ""146"", ""LYS""], [""1"", ""149"", ""LYS""], [""A"", ""146"", ""LYS""], [""A"", ""149"", ""LYS""]]"	
A	1172	CAL	A	147	_Chem_comp_assembly	"[[""3"", ""1"", ""CAL""], [""3"", ""1172"", ""CAL""], [""A"", ""1"", ""CAL""], [""A"", ""1172"", ""CAL""], [""C,D,E,F"", ""1"", ""CAL""], [""C,D,E,F"", ""1172"", ""CAL""]]"	
A	1173	CAL	A	148	_Chem_comp_assembly	"[[""3"", ""2"", ""CAL""], [""3"", ""1173"", ""CAL""], [""A"", ""2"", ""CAL""], [""A"", ""1173"", ""CAL""], [""C,D,E,F"", ""2"", ""CAL""], [""C,D,E,F"", ""1173"", ""CAL""]]"	
A	1174	CAL	A	149	_Chem_comp_assembly	"[[""3"", ""3"", ""CAL""], [""3"", ""1174"", ""CAL""], [""A"", ""3"", ""CAL""], [""A"", ""1174"", ""CAL""], [""C,D,E,F"", ""3"", ""CAL""], [""C,D,E,F"", ""1174"", ""CAL""]]"	
A	1175	CAL	A	150	_Chem_comp_assembly	"[[""3"", ""4"", ""CAL""], [""3"", ""1175"", ""CAL""], [""A"", ""4"", ""CAL""], [""A"", ""1175"", ""CAL""], [""C,D,E,F"", ""4"", ""CAL""], [""C,D,E,F"", ""1175"", ""CAL""]]"	
B	846	LYS	B	1	_Chem_comp_assembly	"[[""2"", ""1"", ""LYS""], [""2"", ""846"", ""LYS""], [""B"", ""1"", ""LYS""], [""B"", ""846"", ""LYS""]]"	
B	847	GLN	B	2	_Chem_comp_assembly	"[[""2"", ""2"", ""GLN""], [""2"", ""847"", ""GLN""], [""B"", ""2"", ""GLN""], [""B"", ""847"", ""GLN""]]"	
B	848	MET	B	3	_Chem_comp_assembly	"[[""2"", ""3"", ""MET""], [""2"", ""848"", ""MET""], [""B"", ""3"", ""MET""], [""B"", ""848"", ""MET""]]"	
B	849	GLN	B	4	_Chem_comp_assembly	"[[""2"", ""4"", ""GLN""], [""2"", ""849"", ""GLN""], [""B"", ""4"", ""GLN""], [""B"", ""849"", ""GLN""]]"	
B	850	LEU	B	5	_Chem_comp_assembly	"[[""2"", ""5"", ""LEU""], [""2"", ""850"", ""LEU""], [""B"", ""5"", ""LEU""], [""B"", ""850"", ""LEU""]]"	
B	851	ALA	B	6	_Chem_comp_assembly	"[[""2"", ""6"", ""ALA""], [""2"", ""851"", ""ALA""], [""B"", ""6"", ""ALA""], [""B"", ""851"", ""ALA""]]"	
B	852	PHE	B	7	_Chem_comp_assembly	"[[""2"", ""7"", ""PHE""], [""2"", ""852"", ""PHE""], [""B"", ""7"", ""PHE""], [""B"", ""852"", ""PHE""]]"	
B	853	ALA	B	8	_Chem_comp_assembly	"[[""2"", ""8"", ""ALA""], [""2"", ""853"", ""ALA""], [""B"", ""8"", ""ALA""], [""B"", ""853"", ""ALA""]]"	
B	854	ALA	B	9	_Chem_comp_assembly	"[[""2"", ""9"", ""ALA""], [""2"", ""854"", ""ALA""], [""B"", ""9"", ""ALA""], [""B"", ""854"", ""ALA""]]"	
B	855	VAL	B	10	_Chem_comp_assembly	"[[""2"", ""10"", ""VAL""], [""2"", ""855"", ""VAL""], [""B"", ""10"", ""VAL""], [""B"", ""855"", ""VAL""]]"	
B	856	ASN	B	11	_Chem_comp_assembly	"[[""2"", ""11"", ""ASN""], [""2"", ""856"", ""ASN""], [""B"", ""11"", ""ASN""], [""B"", ""856"", ""ASN""]]"	
B	857	VAL	B	12	_Chem_comp_assembly	"[[""2"", ""12"", ""VAL""], [""2"", ""857"", ""VAL""], [""B"", ""12"", ""VAL""], [""B"", ""857"", ""VAL""]]"	
B	858	TRP	B	13	_Chem_comp_assembly	"[[""2"", ""13"", ""TRP""], [""2"", ""858"", ""TRP""], [""B"", ""13"", ""TRP""], [""B"", ""858"", ""TRP""]]"	
B	859	ARG	B	14	_Chem_comp_assembly	"[[""2"", ""14"", ""ARG""], [""2"", ""859"", ""ARG""], [""B"", ""14"", ""ARG""], [""B"", ""859"", ""ARG""]]"	
B	860	LYS	B	15	_Chem_comp_assembly	"[[""2"", ""15"", ""LYS""], [""2"", ""860"", ""LYS""], [""B"", ""15"", ""LYS""], [""B"", ""860"", ""LYS""]]"	
B	861	ASN	B	16	_Chem_comp_assembly	"[[""2"", ""16"", ""ASN""], [""2"", ""861"", ""ASN""], [""B"", ""16"", ""ASN""], [""B"", ""861"", ""ASN""]]"	
B	862	LEU	B	17	_Chem_comp_assembly	"[[""2"", ""17"", ""LEU""], [""2"", ""862"", ""LEU""], [""B"", ""17"", ""LEU""], [""B"", ""862"", ""LEU""]]"	
B	863	GLN	B	18	_Chem_comp_assembly	"[[""2"", ""18"", ""GLN""], [""2"", ""863"", ""GLN""], [""B"", ""18"", ""GLN""], [""B"", ""863"", ""GLN""]]"	
B	864	ASP	B	19	_Chem_comp_assembly	"[[""2"", ""19"", ""ASP""], [""2"", ""864"", ""ASP""], [""B"", ""19"", ""ASP""], [""B"", ""864"", ""ASP""]]"	
B	865	ARG	B	20	_Chem_comp_assembly	"[[""2"", ""20"", ""ARG""], [""2"", ""865"", ""ARG""], [""B"", ""20"", ""ARG""], [""B"", ""865"", ""ARG""]]"	
