chain_1	residue_index_1	chain_2	residue_index_2	final_max_distance_A	raw_bound_A	candidate_bound_A	contributing_source_groups	source_kind	adjustments	provenance_json
A	2	A	6	4.000000	3.600000	4.000000	nef_distance_restraint_list_CNS_distance_restraints_1:1;nef_distance_restraint_list_CNS_distance_restraints_1:2	exact	raised_to_token_minimum	"{""atom1"": {""atom_name"": ""O"", ""chain"": ""A"", ""residue_index"": 2}, ""atom2"": {""atom_name"": ""N"", ""chain"": ""A"", ""residue_index"": 6}, ""atom_constraint_adjustment"": null, ""atom_constraint_bound"": 3.6, ""atom_constraint_provenance"": [{""averaging_factor"": 1.0, ""averaging_policy"": ""sum-r6"", ""bond_offset"": 1.08, ""explicit_pair_count"": 1, ""group_id"": ""nef_distance_restraint_list_CNS_distance_restraints_1:1"", ""projected_upper_bound"": 3.7800000000000002, ""source_endpoints"": [""A:6:LYS:H -- A:2:GLU:O""], ""source_observation"": {""bound_source"": ""explicit_upper_bound"", ""canonical_expansions"": [], ""combination_id"": null, ""explicit_or_derived_upper_bound"": 2.7, ""lower_bound"": 1.5, ""member_id"": null, ""member_logic_code"": null, ""origin"": ""hbond"", ""target_uncertainty"": null, ""target_value"": 2.0, ""upper_linear_limit"": null, ""weight"": 1.0}, ""source_rows"": [""1""], ""source_upper_bound"": 2.7, ""warnings"": []}, {""averaging_factor"": 1.0, ""averaging_policy"": ""sum-r6"", ""bond_offset"": 0.0, ""explicit_pair_count"": 1, ""group_id"": ""nef_distance_restraint_list_CNS_distance_restraints_1:2"", ""projected_upper_bound"": 3.6, ""source_endpoints"": [""A:6:LYS:N -- A:2:GLU:O""], ""source_observation"": {""bound_source"": ""explicit_upper_bound"", ""canonical_expansions"": [], ""combination_id"": null, ""explicit_or_derived_upper_bound"": 3.6, ""lower_bound"": 2.5, ""member_id"": null, ""member_logic_code"": null, ""origin"": ""hbond"", ""target_uncertainty"": null, ""target_value"": 3.0, ""upper_linear_limit"": null, ""weight"": 1.0}, ""source_rows"": [""2""], ""source_upper_bound"": 3.6, ""warnings"": []}], ""raw_projected_distance"": 3.6, ""token_raw_bound"": 3.6}"
A	3	A	7	4.000000	3.600000	4.000000	nef_distance_restraint_list_CNS_distance_restraints_1:3;nef_distance_restraint_list_CNS_distance_restraints_1:4	exact	raised_to_token_minimum	"{""atom1"": {""atom_name"": ""O"", ""chain"": ""A"", ""residue_index"": 3}, ""atom2"": {""atom_name"": ""N"", ""chain"": ""A"", ""residue_index"": 7}, ""atom_constraint_adjustment"": null, ""atom_constraint_bound"": 3.6, ""atom_constraint_provenance"": [{""averaging_factor"": 1.0, ""averaging_policy"": ""sum-r6"", ""bond_offset"": 1.08, ""explicit_pair_count"": 1, ""group_id"": ""nef_distance_restraint_list_CNS_distance_restraints_1:3"", ""projected_upper_bound"": 3.7800000000000002, ""source_endpoints"": [""A:7:CYS:H -- A:3:GLU:O""], ""source_observation"": {""bound_source"": ""explicit_upper_bound"", ""canonical_expansions"": [], ""combination_id"": null, ""explicit_or_derived_upper_bound"": 2.7, ""lower_bound"": 1.5, ""member_id"": null, ""member_logic_code"": null, ""origin"": ""hbond"", ""target_uncertainty"": null, ""target_value"": 2.0, ""upper_linear_limit"": null, ""weight"": 1.0}, ""source_rows"": [""3""], ""source_upper_bound"": 2.7, ""warnings"": []}, {""averaging_factor"": 1.0, ""averaging_policy"": ""sum-r6"", ""bond_offset"": 0.0, ""explicit_pair_count"": 1, ""group_id"": ""nef_distance_restraint_list_CNS_distance_restraints_1:4"", ""projected_upper_bound"": 3.6, ""source_endpoints"": [""A:7:CYS:N -- A:3:GLU:O""], ""source_observation"": {""bound_source"": ""explicit_upper_bound"", ""canonical_expansions"": [], ""combination_id"": null, ""explicit_or_derived_upper_bound"": 3.6, ""lower_bound"": 2.5, ""member_id"": null, ""member_logic_code"": null, ""origin"": ""hbond"", ""target_uncertainty"": null, ""target_value"": 3.0, ""upper_linear_limit"": null, ""weight"": 1.0}, ""source_rows"": [""4""], ""source_upper_bound"": 3.6, ""warnings"": []}], ""raw_projected_distance"": 3.6, ""token_raw_bound"": 3.6}"
A	9	A	65	4.000000	3.700000	4.000000	nef_distance_restraint_list_CNS_distance_restraints_1:78	collapsed_union	raised_to_token_minimum	"{""alternatives"": [{""atom1"": {""atom_name"": ""O"", ""chain"": ""A"", ""residue_index"": 9}, ""atom2"": {""atom_name"": ""NH1"", ""chain"": ""A"", ""residue_index"": 65}, ""max_distance"": 3.7, ""raw_projected_distance"": null, ""source_endpoints"": [""A:65:ARG:NHy -- A:9:PRO:O""], ""source_rows"": [""78""]}, {""atom1"": {""atom_name"": ""O"", ""chain"": ""A"", ""residue_index"": 9}, ""atom2"": {""atom_name"": ""NH2"", ""chain"": ""A"", ""residue_index"": 65}, ""max_distance"": 3.7, ""raw_projected_distance"": null, ""source_endpoints"": [""A:65:ARG:NHy -- A:9:PRO:O""], ""source_rows"": [""78""]}], ""group_id"": ""nef_distance_restraint_list_CNS_distance_restraints_1:78"", ""list_name"": ""nef_distance_restraint_list_CNS_distance_restraints_1"", ""restraint_id"": ""78"", ""source_format"": ""nef"", ""token_raw_bound"": 3.7}"
A	11	A	15	4.000000	3.300000	4.000000	nef_distance_restraint_list_CNS_distance_restraints_1:5;nef_distance_restraint_list_CNS_distance_restraints_1:6	exact	raised_to_token_minimum	"{""atom1"": {""atom_name"": ""O"", ""chain"": ""A"", ""residue_index"": 11}, ""atom2"": {""atom_name"": ""N"", ""chain"": ""A"", ""residue_index"": 15}, ""atom_constraint_adjustment"": null, ""atom_constraint_bound"": 3.3, ""atom_constraint_provenance"": [{""averaging_factor"": 1.0, ""averaging_policy"": ""sum-r6"", ""bond_offset"": 1.08, ""explicit_pair_count"": 1, ""group_id"": ""nef_distance_restraint_list_CNS_distance_restraints_1:5"", ""projected_upper_bound"": 3.38, ""source_endpoints"": [""A:15:LYS:H -- A:11:SER:O""], ""source_observation"": {""bound_source"": ""explicit_upper_bound"", ""canonical_expansions"": [], ""combination_id"": null, ""explicit_or_derived_upper_bound"": 2.3, ""lower_bound"": 1.3, ""member_id"": null, ""member_logic_code"": null, ""origin"": ""hbond"", ""target_uncertainty"": null, ""target_value"": 1.8, ""upper_linear_limit"": null, ""weight"": 1.0}, ""source_rows"": [""5""], ""source_upper_bound"": 2.3, ""warnings"": []}, {""averaging_factor"": 1.0, ""averaging_policy"": ""sum-r6"", ""bond_offset"": 0.0, ""explicit_pair_count"": 1, ""group_id"": ""nef_distance_restraint_list_CNS_distance_restraints_1:6"", ""projected_upper_bound"": 3.3, ""source_endpoints"": [""A:15:LYS:N -- A:11:SER:O""], ""source_observation"": {""bound_source"": ""explicit_upper_bound"", ""canonical_expansions"": [], ""combination_id"": null, ""explicit_or_derived_upper_bound"": 3.3, ""lower_bound"": 2.3, ""member_id"": null, ""member_logic_code"": null, ""origin"": ""hbond"", ""target_uncertainty"": null, ""target_value"": 2.8, ""upper_linear_limit"": null, ""weight"": 1.0}, ""source_rows"": [""6""], ""source_upper_bound"": 3.3, ""warnings"": []}], ""raw_projected_distance"": 3.3, ""token_raw_bound"": 3.3}"
A	12	A	16	4.000000	3.300000	4.000000	nef_distance_restraint_list_CNS_distance_restraints_1:7;nef_distance_restraint_list_CNS_distance_restraints_1:8	exact	raised_to_token_minimum	"{""atom1"": {""atom_name"": ""O"", ""chain"": ""A"", ""residue_index"": 12}, ""atom2"": {""atom_name"": ""N"", ""chain"": ""A"", ""residue_index"": 16}, ""atom_constraint_adjustment"": null, ""atom_constraint_bound"": 3.3, ""atom_constraint_provenance"": [{""averaging_factor"": 1.0, ""averaging_policy"": ""sum-r6"", ""bond_offset"": 1.08, ""explicit_pair_count"": 1, ""group_id"": ""nef_distance_restraint_list_CNS_distance_restraints_1:7"", ""projected_upper_bound"": 3.38, ""source_endpoints"": [""A:16:ARG:H -- A:12:TYR:O""], ""source_observation"": {""bound_source"": ""explicit_upper_bound"", ""canonical_expansions"": [], ""combination_id"": null, ""explicit_or_derived_upper_bound"": 2.3, ""lower_bound"": 1.3, ""member_id"": null, ""member_logic_code"": null, ""origin"": ""hbond"", ""target_uncertainty"": null, ""target_value"": 1.8, ""upper_linear_limit"": null, ""weight"": 1.0}, ""source_rows"": [""7""], ""source_upper_bound"": 2.3, ""warnings"": []}, {""averaging_factor"": 1.0, ""averaging_policy"": ""sum-r6"", ""bond_offset"": 0.0, ""explicit_pair_count"": 1, ""group_id"": ""nef_distance_restraint_list_CNS_distance_restraints_1:8"", ""projected_upper_bound"": 3.3, ""source_endpoints"": [""A:16:ARG:N -- A:12:TYR:O""], ""source_observation"": {""bound_source"": ""explicit_upper_bound"", ""canonical_expansions"": [], ""combination_id"": null, ""explicit_or_derived_upper_bound"": 3.3, ""lower_bound"": 2.3, ""member_id"": null, ""member_logic_code"": null, ""origin"": ""hbond"", ""target_uncertainty"": null, ""target_value"": 2.8, ""upper_linear_limit"": null, ""weight"": 1.0}, ""source_rows"": [""8""], ""source_upper_bound"": 3.3, ""warnings"": []}], ""raw_projected_distance"": 3.3, ""token_raw_bound"": 3.3}"
A	13	A	17	4.000000	3.300000	4.000000	nef_distance_restraint_list_CNS_distance_restraints_1:10;nef_distance_restraint_list_CNS_distance_restraints_1:9	exact	raised_to_token_minimum	"{""atom1"": {""atom_name"": ""O"", ""chain"": ""A"", ""residue_index"": 13}, ""atom2"": {""atom_name"": ""N"", ""chain"": ""A"", ""residue_index"": 17}, ""atom_constraint_adjustment"": null, ""atom_constraint_bound"": 3.3, ""atom_constraint_provenance"": [{""averaging_factor"": 1.0, ""averaging_policy"": ""sum-r6"", ""bond_offset"": 1.08, ""explicit_pair_count"": 1, ""group_id"": ""nef_distance_restraint_list_CNS_distance_restraints_1:9"", ""projected_upper_bound"": 3.38, ""source_endpoints"": [""A:17:GLN:H -- A:13:GLU:O""], ""source_observation"": {""bound_source"": ""explicit_upper_bound"", ""canonical_expansions"": [], ""combination_id"": null, ""explicit_or_derived_upper_bound"": 2.3, ""lower_bound"": 1.3, ""member_id"": null, ""member_logic_code"": null, ""origin"": ""hbond"", ""target_uncertainty"": null, ""target_value"": 1.8, ""upper_linear_limit"": null, ""weight"": 1.0}, ""source_rows"": [""9""], ""source_upper_bound"": 2.3, ""warnings"": []}, {""averaging_factor"": 1.0, ""averaging_policy"": ""sum-r6"", ""bond_offset"": 0.0, ""explicit_pair_count"": 1, ""group_id"": ""nef_distance_restraint_list_CNS_distance_restraints_1:10"", ""projected_upper_bound"": 3.3, ""source_endpoints"": [""A:17:GLN:N -- A:13:GLU:O""], ""source_observation"": {""bound_source"": ""explicit_upper_bound"", ""canonical_expansions"": [], ""combination_id"": null, ""explicit_or_derived_upper_bound"": 3.3, ""lower_bound"": 2.3, ""member_id"": null, ""member_logic_code"": null, ""origin"": ""hbond"", ""target_uncertainty"": null, ""target_value"": 2.8, ""upper_linear_limit"": null, ""weight"": 1.0}, ""source_rows"": [""10""], ""source_upper_bound"": 3.3, ""warnings"": []}], ""raw_projected_distance"": 3.3, ""token_raw_bound"": 3.3}"
A	14	A	18	4.000000	3.300000	4.000000	nef_distance_restraint_list_CNS_distance_restraints_1:11;nef_distance_restraint_list_CNS_distance_restraints_1:12	exact	raised_to_token_minimum	"{""atom1"": {""atom_name"": ""O"", ""chain"": ""A"", ""residue_index"": 14}, ""atom2"": {""atom_name"": ""N"", ""chain"": ""A"", ""residue_index"": 18}, ""atom_constraint_adjustment"": null, ""atom_constraint_bound"": 3.3, ""atom_constraint_provenance"": [{""averaging_factor"": 1.0, ""averaging_policy"": ""sum-r6"", ""bond_offset"": 1.08, ""explicit_pair_count"": 1, ""group_id"": ""nef_distance_restraint_list_CNS_distance_restraints_1:11"", ""projected_upper_bound"": 3.38, ""source_endpoints"": [""A:18:LEU:H -- A:14:GLU:O""], ""source_observation"": {""bound_source"": ""explicit_upper_bound"", ""canonical_expansions"": [], ""combination_id"": null, ""explicit_or_derived_upper_bound"": 2.3, ""lower_bound"": 1.3, ""member_id"": null, ""member_logic_code"": null, ""origin"": ""hbond"", ""target_uncertainty"": null, ""target_value"": 1.8, ""upper_linear_limit"": null, ""weight"": 1.0}, ""source_rows"": [""11""], ""source_upper_bound"": 2.3, ""warnings"": []}, {""averaging_factor"": 1.0, ""averaging_policy"": ""sum-r6"", ""bond_offset"": 0.0, ""explicit_pair_count"": 1, ""group_id"": ""nef_distance_restraint_list_CNS_distance_restraints_1:12"", ""projected_upper_bound"": 3.3, ""source_endpoints"": [""A:18:LEU:N -- A:14:GLU:O""], ""source_observation"": {""bound_source"": ""explicit_upper_bound"", ""canonical_expansions"": [], ""combination_id"": null, ""explicit_or_derived_upper_bound"": 3.3, ""lower_bound"": 2.3, ""member_id"": null, ""member_logic_code"": null, ""origin"": ""hbond"", ""target_uncertainty"": null, ""target_value"": 2.8, ""upper_linear_limit"": null, ""weight"": 1.0}, ""source_rows"": [""12""], ""source_upper_bound"": 3.3, ""warnings"": []}], ""raw_projected_distance"": 3.3, ""token_raw_bound"": 3.3}"
A	14	A	65	4.000000	3.300000	4.000000	nef_distance_restraint_list_CNS_distance_restraints_1:79	collapsed_union	raised_to_token_minimum	"{""alternatives"": [{""atom1"": {""atom_name"": ""OE2"", ""chain"": ""A"", ""residue_index"": 14}, ""atom2"": {""atom_name"": ""NH1"", ""chain"": ""A"", ""residue_index"": 65}, ""max_distance"": 3.3, ""raw_projected_distance"": null, ""source_endpoints"": [""A:65:ARG:NHx -- A:14:GLU:OE2""], ""source_rows"": [""79""]}, {""atom1"": {""atom_name"": ""OE2"", ""chain"": ""A"", ""residue_index"": 14}, ""atom2"": {""atom_name"": ""NH2"", ""chain"": ""A"", ""residue_index"": 65}, ""max_distance"": 3.3, ""raw_projected_distance"": null, ""source_endpoints"": [""A:65:ARG:NHx -- A:14:GLU:OE2""], ""source_rows"": [""79""]}], ""group_id"": ""nef_distance_restraint_list_CNS_distance_restraints_1:79"", ""list_name"": ""nef_distance_restraint_list_CNS_distance_restraints_1"", ""restraint_id"": ""79"", ""source_format"": ""nef"", ""token_raw_bound"": 3.3}"
A	15	A	19	4.000000	3.300000	4.000000	nef_distance_restraint_list_CNS_distance_restraints_1:13;nef_distance_restraint_list_CNS_distance_restraints_1:14	exact	raised_to_token_minimum	"{""atom1"": {""atom_name"": ""O"", ""chain"": ""A"", ""residue_index"": 15}, ""atom2"": {""atom_name"": ""N"", ""chain"": ""A"", ""residue_index"": 19}, ""atom_constraint_adjustment"": null, ""atom_constraint_bound"": 3.3, ""atom_constraint_provenance"": [{""averaging_factor"": 1.0, ""averaging_policy"": ""sum-r6"", ""bond_offset"": 1.08, ""explicit_pair_count"": 1, ""group_id"": ""nef_distance_restraint_list_CNS_distance_restraints_1:13"", ""projected_upper_bound"": 3.38, ""source_endpoints"": [""A:19:SER:H -- A:15:LYS:O""], ""source_observation"": {""bound_source"": ""explicit_upper_bound"", ""canonical_expansions"": [], ""combination_id"": null, ""explicit_or_derived_upper_bound"": 2.3, ""lower_bound"": 1.3, ""member_id"": null, ""member_logic_code"": null, ""origin"": ""hbond"", ""target_uncertainty"": null, ""target_value"": 1.8, ""upper_linear_limit"": null, ""weight"": 1.0}, ""source_rows"": [""13""], ""source_upper_bound"": 2.3, ""warnings"": []}, {""averaging_factor"": 1.0, ""averaging_policy"": ""sum-r6"", ""bond_offset"": 0.0, ""explicit_pair_count"": 1, ""group_id"": ""nef_distance_restraint_list_CNS_distance_restraints_1:14"", ""projected_upper_bound"": 3.3, ""source_endpoints"": [""A:19:SER:N -- A:15:LYS:O""], ""source_observation"": {""bound_source"": ""explicit_upper_bound"", ""canonical_expansions"": [], ""combination_id"": null, ""explicit_or_derived_upper_bound"": 3.3, ""lower_bound"": 2.3, ""member_id"": null, ""member_logic_code"": null, ""origin"": ""hbond"", ""target_uncertainty"": null, ""target_value"": 2.8, ""upper_linear_limit"": null, ""weight"": 1.0}, ""source_rows"": [""14""], ""source_upper_bound"": 3.3, ""warnings"": []}], ""raw_projected_distance"": 3.3, ""token_raw_bound"": 3.3}"
A	15	A	56	4.000000	3.600000	4.000000	nef_distance_restraint_list_CNS_distance_restraints_1:80	exact	raised_to_token_minimum	"{""atom1"": {""atom_name"": ""NZ"", ""chain"": ""A"", ""residue_index"": 15}, ""atom2"": {""atom_name"": ""O"", ""chain"": ""A"", ""residue_index"": 56}, ""atom_constraint_adjustment"": null, ""atom_constraint_bound"": 3.6, ""atom_constraint_provenance"": [{""averaging_factor"": 1.0, ""averaging_policy"": ""sum-r6"", ""bond_offset"": 0.0, ""explicit_pair_count"": 1, ""group_id"": ""nef_distance_restraint_list_CNS_distance_restraints_1:80"", ""projected_upper_bound"": 3.6, ""source_endpoints"": [""A:15:LYS:NZ -- A:56:PHE:O""], ""source_observation"": {""bound_source"": ""explicit_upper_bound"", ""canonical_expansions"": [], ""combination_id"": null, ""explicit_or_derived_upper_bound"": 3.6, ""lower_bound"": 2.4, ""member_id"": null, ""member_logic_code"": null, ""origin"": ""hbond"", ""target_uncertainty"": null, ""target_value"": 2.9, ""upper_linear_limit"": null, ""weight"": 1.0}, ""source_rows"": [""80""], ""source_upper_bound"": 3.6, ""warnings"": []}], ""raw_projected_distance"": 3.6, ""token_raw_bound"": 3.6}"
A	15	A	57	4.000000	3.300000	4.000000	nef_distance_restraint_list_CNS_distance_restraints_1:81	exact	raised_to_token_minimum	"{""atom1"": {""atom_name"": ""NZ"", ""chain"": ""A"", ""residue_index"": 15}, ""atom2"": {""atom_name"": ""OE1"", ""chain"": ""A"", ""residue_index"": 57}, ""atom_constraint_adjustment"": null, ""atom_constraint_bound"": 3.3, ""atom_constraint_provenance"": [{""averaging_factor"": 1.0, ""averaging_policy"": ""sum-r6"", ""bond_offset"": 0.0, ""explicit_pair_count"": 1, ""group_id"": ""nef_distance_restraint_list_CNS_distance_restraints_1:81"", ""projected_upper_bound"": 3.3, ""source_endpoints"": [""A:15:LYS:NZ -- A:57:GLU:OE1""], ""source_observation"": {""bound_source"": ""explicit_upper_bound"", ""canonical_expansions"": [], ""combination_id"": null, ""explicit_or_derived_upper_bound"": 3.3, ""lower_bound"": 2.3, ""member_id"": null, ""member_logic_code"": null, ""origin"": ""hbond"", ""target_uncertainty"": null, ""target_value"": 2.8, ""upper_linear_limit"": null, ""weight"": 1.0}, ""source_rows"": [""81""], ""source_upper_bound"": 3.3, ""warnings"": []}], ""raw_projected_distance"": 3.3, ""token_raw_bound"": 3.3}"
A	16	A	20	4.000000	3.300000	4.000000	nef_distance_restraint_list_CNS_distance_restraints_1:15;nef_distance_restraint_list_CNS_distance_restraints_1:16	exact	raised_to_token_minimum	"{""atom1"": {""atom_name"": ""O"", ""chain"": ""A"", ""residue_index"": 16}, ""atom2"": {""atom_name"": ""N"", ""chain"": ""A"", ""residue_index"": 20}, ""atom_constraint_adjustment"": null, ""atom_constraint_bound"": 3.3, ""atom_constraint_provenance"": [{""averaging_factor"": 1.0, ""averaging_policy"": ""sum-r6"", ""bond_offset"": 1.08, ""explicit_pair_count"": 1, ""group_id"": ""nef_distance_restraint_list_CNS_distance_restraints_1:15"", ""projected_upper_bound"": 3.38, ""source_endpoints"": [""A:20:LEU:H -- A:16:ARG:O""], ""source_observation"": {""bound_source"": ""explicit_upper_bound"", ""canonical_expansions"": [], ""combination_id"": null, ""explicit_or_derived_upper_bound"": 2.3, ""lower_bound"": 1.3, ""member_id"": null, ""member_logic_code"": null, ""origin"": ""hbond"", ""target_uncertainty"": null, ""target_value"": 1.8, ""upper_linear_limit"": null, ""weight"": 1.0}, ""source_rows"": [""15""], ""source_upper_bound"": 2.3, ""warnings"": []}, {""averaging_factor"": 1.0, ""averaging_policy"": ""sum-r6"", ""bond_offset"": 0.0, ""explicit_pair_count"": 1, ""group_id"": ""nef_distance_restraint_list_CNS_distance_restraints_1:16"", ""projected_upper_bound"": 3.3, ""source_endpoints"": [""A:20:LEU:N -- A:16:ARG:O""], ""source_observation"": {""bound_source"": ""explicit_upper_bound"", ""canonical_expansions"": [], ""combination_id"": null, ""explicit_or_derived_upper_bound"": 3.3, ""lower_bound"": 2.3, ""member_id"": null, ""member_logic_code"": null, ""origin"": ""hbond"", ""target_uncertainty"": null, ""target_value"": 2.8, ""upper_linear_limit"": null, ""weight"": 1.0}, ""source_rows"": [""16""], ""source_upper_bound"": 3.3, ""warnings"": []}], ""raw_projected_distance"": 3.3, ""token_raw_bound"": 3.3}"
A	17	A	21	4.000000	3.300000	4.000000	nef_distance_restraint_list_CNS_distance_restraints_1:17;nef_distance_restraint_list_CNS_distance_restraints_1:18	exact	raised_to_token_minimum	"{""atom1"": {""atom_name"": ""O"", ""chain"": ""A"", ""residue_index"": 17}, ""atom2"": {""atom_name"": ""N"", ""chain"": ""A"", ""residue_index"": 21}, ""atom_constraint_adjustment"": null, ""atom_constraint_bound"": 3.3, ""atom_constraint_provenance"": [{""averaging_factor"": 1.0, ""averaging_policy"": ""sum-r6"", ""bond_offset"": 1.08, ""explicit_pair_count"": 1, ""group_id"": ""nef_distance_restraint_list_CNS_distance_restraints_1:17"", ""projected_upper_bound"": 3.38, ""source_endpoints"": [""A:21:ASP:H -- A:17:GLN:O""], ""source_observation"": {""bound_source"": ""explicit_upper_bound"", ""canonical_expansions"": [], ""combination_id"": null, ""explicit_or_derived_upper_bound"": 2.3, ""lower_bound"": 1.3, ""member_id"": null, ""member_logic_code"": null, ""origin"": ""hbond"", ""target_uncertainty"": null, ""target_value"": 1.8, ""upper_linear_limit"": null, ""weight"": 1.0}, ""source_rows"": [""17""], ""source_upper_bound"": 2.3, ""warnings"": []}, {""averaging_factor"": 1.0, ""averaging_policy"": ""sum-r6"", ""bond_offset"": 0.0, ""explicit_pair_count"": 1, ""group_id"": ""nef_distance_restraint_list_CNS_distance_restraints_1:18"", ""projected_upper_bound"": 3.3, ""source_endpoints"": [""A:21:ASP:N -- A:17:GLN:O""], ""source_observation"": {""bound_source"": ""explicit_upper_bound"", ""canonical_expansions"": [], ""combination_id"": null, ""explicit_or_derived_upper_bound"": 3.3, ""lower_bound"": 2.3, ""member_id"": null, ""member_logic_code"": null, ""origin"": ""hbond"", ""target_uncertainty"": null, ""target_value"": 2.8, ""upper_linear_limit"": null, ""weight"": 1.0}, ""source_rows"": [""18""], ""source_upper_bound"": 3.3, ""warnings"": []}], ""raw_projected_distance"": 3.3, ""token_raw_bound"": 3.3}"
A	18	A	22	4.000000	3.300000	4.000000	nef_distance_restraint_list_CNS_distance_restraints_1:19;nef_distance_restraint_list_CNS_distance_restraints_1:20	exact	raised_to_token_minimum	"{""atom1"": {""atom_name"": ""O"", ""chain"": ""A"", ""residue_index"": 18}, ""atom2"": {""atom_name"": ""N"", ""chain"": ""A"", ""residue_index"": 22}, ""atom_constraint_adjustment"": null, ""atom_constraint_bound"": 3.3, ""atom_constraint_provenance"": [{""averaging_factor"": 1.0, ""averaging_policy"": ""sum-r6"", ""bond_offset"": 1.08, ""explicit_pair_count"": 1, ""group_id"": ""nef_distance_restraint_list_CNS_distance_restraints_1:19"", ""projected_upper_bound"": 3.38, ""source_endpoints"": [""A:22:ILE:H -- A:18:LEU:O""], ""source_observation"": {""bound_source"": ""explicit_upper_bound"", ""canonical_expansions"": [], ""combination_id"": null, ""explicit_or_derived_upper_bound"": 2.3, ""lower_bound"": 1.3, ""member_id"": null, ""member_logic_code"": null, ""origin"": ""hbond"", ""target_uncertainty"": null, ""target_value"": 1.8, ""upper_linear_limit"": null, ""weight"": 1.0}, ""source_rows"": [""19""], ""source_upper_bound"": 2.3, ""warnings"": []}, {""averaging_factor"": 1.0, ""averaging_policy"": ""sum-r6"", ""bond_offset"": 0.0, ""explicit_pair_count"": 1, ""group_id"": ""nef_distance_restraint_list_CNS_distance_restraints_1:20"", ""projected_upper_bound"": 3.3, ""source_endpoints"": [""A:22:ILE:N -- A:18:LEU:O""], ""source_observation"": {""bound_source"": ""explicit_upper_bound"", ""canonical_expansions"": [], ""combination_id"": null, ""explicit_or_derived_upper_bound"": 3.3, ""lower_bound"": 2.3, ""member_id"": null, ""member_logic_code"": null, ""origin"": ""hbond"", ""target_uncertainty"": null, ""target_value"": 2.8, ""upper_linear_limit"": null, ""weight"": 1.0}, ""source_rows"": [""20""], ""source_upper_bound"": 3.3, ""warnings"": []}], ""raw_projected_distance"": 3.3, ""token_raw_bound"": 3.3}"
A	19	A	23	4.000000	3.300000	4.000000	nef_distance_restraint_list_CNS_distance_restraints_1:21;nef_distance_restraint_list_CNS_distance_restraints_1:22	exact	raised_to_token_minimum	"{""atom1"": {""atom_name"": ""O"", ""chain"": ""A"", ""residue_index"": 19}, ""atom2"": {""atom_name"": ""N"", ""chain"": ""A"", ""residue_index"": 23}, ""atom_constraint_adjustment"": null, ""atom_constraint_bound"": 3.3, ""atom_constraint_provenance"": [{""averaging_factor"": 1.0, ""averaging_policy"": ""sum-r6"", ""bond_offset"": 1.08, ""explicit_pair_count"": 1, ""group_id"": ""nef_distance_restraint_list_CNS_distance_restraints_1:21"", ""projected_upper_bound"": 3.48, ""source_endpoints"": [""A:23:ASN:H -- A:19:SER:O""], ""source_observation"": {""bound_source"": ""explicit_upper_bound"", ""canonical_expansions"": [], ""combination_id"": null, ""explicit_or_derived_upper_bound"": 2.4, ""lower_bound"": 1.3, ""member_id"": null, ""member_logic_code"": null, ""origin"": ""hbond"", ""target_uncertainty"": null, ""target_value"": 1.8, ""upper_linear_limit"": null, ""weight"": 1.0}, ""source_rows"": [""21""], ""source_upper_bound"": 2.4, ""warnings"": []}, {""averaging_factor"": 1.0, ""averaging_policy"": ""sum-r6"", ""bond_offset"": 0.0, ""explicit_pair_count"": 1, ""group_id"": ""nef_distance_restraint_list_CNS_distance_restraints_1:22"", ""projected_upper_bound"": 3.3, ""source_endpoints"": [""A:23:ASN:N -- A:19:SER:O""], ""source_observation"": {""bound_source"": ""explicit_upper_bound"", ""canonical_expansions"": [], ""combination_id"": null, ""explicit_or_derived_upper_bound"": 3.3, ""lower_bound"": 2.3, ""member_id"": null, ""member_logic_code"": null, ""origin"": ""hbond"", ""target_uncertainty"": null, ""target_value"": 2.8, ""upper_linear_limit"": null, ""weight"": 1.0}, ""source_rows"": [""22""], ""source_upper_bound"": 3.3, ""warnings"": []}], ""raw_projected_distance"": 3.3, ""token_raw_bound"": 3.3}"
A	20	A	24	4.000000	3.500000	4.000000	nef_distance_restraint_list_CNS_distance_restraints_1:23;nef_distance_restraint_list_CNS_distance_restraints_1:24	exact	raised_to_token_minimum	"{""atom1"": {""atom_name"": ""O"", ""chain"": ""A"", ""residue_index"": 20}, ""atom2"": {""atom_name"": ""N"", ""chain"": ""A"", ""residue_index"": 24}, ""atom_constraint_adjustment"": null, ""atom_constraint_bound"": 3.5, ""atom_constraint_provenance"": [{""averaging_factor"": 1.0, ""averaging_policy"": ""sum-r6"", ""bond_offset"": 1.08, ""explicit_pair_count"": 1, ""group_id"": ""nef_distance_restraint_list_CNS_distance_restraints_1:23"", ""projected_upper_bound"": 3.88, ""source_endpoints"": [""A:24:LYS:H -- A:20:LEU:O""], ""source_observation"": {""bound_source"": ""explicit_upper_bound"", ""canonical_expansions"": [], ""combination_id"": null, ""explicit_or_derived_upper_bound"": 2.8, ""lower_bound"": 1.5, ""member_id"": null, ""member_logic_code"": null, ""origin"": ""hbond"", ""target_uncertainty"": null, ""target_value"": 2.0, ""upper_linear_limit"": null, ""weight"": 1.0}, ""source_rows"": [""23""], ""source_upper_bound"": 2.8, ""warnings"": []}, {""averaging_factor"": 1.0, ""averaging_policy"": ""sum-r6"", ""bond_offset"": 0.0, ""explicit_pair_count"": 1, ""group_id"": ""nef_distance_restraint_list_CNS_distance_restraints_1:24"", ""projected_upper_bound"": 3.5, ""source_endpoints"": [""A:24:LYS:N -- A:20:LEU:O""], ""source_observation"": {""bound_source"": ""explicit_upper_bound"", ""canonical_expansions"": [], ""combination_id"": null, ""explicit_or_derived_upper_bound"": 3.5, ""lower_bound"": 2.3, ""member_id"": null, ""member_logic_code"": null, ""origin"": ""hbond"", ""target_uncertainty"": null, ""target_value"": 2.8, ""upper_linear_limit"": null, ""weight"": 1.0}, ""source_rows"": [""24""], ""source_upper_bound"": 3.5, ""warnings"": []}], ""raw_projected_distance"": 3.5, ""token_raw_bound"": 3.5}"
A	21	A	25	4.000000	3.600000	4.000000	nef_distance_restraint_list_CNS_distance_restraints_1:25;nef_distance_restraint_list_CNS_distance_restraints_1:26	exact	raised_to_token_minimum	"{""atom1"": {""atom_name"": ""O"", ""chain"": ""A"", ""residue_index"": 21}, ""atom2"": {""atom_name"": ""N"", ""chain"": ""A"", ""residue_index"": 25}, ""atom_constraint_adjustment"": null, ""atom_constraint_bound"": 3.6, ""atom_constraint_provenance"": [{""averaging_factor"": 1.0, ""averaging_policy"": ""sum-r6"", ""bond_offset"": 1.08, ""explicit_pair_count"": 1, ""group_id"": ""nef_distance_restraint_list_CNS_distance_restraints_1:25"", ""projected_upper_bound"": 3.88, ""source_endpoints"": [""A:25:LEU:H -- A:21:ASP:O""], ""source_observation"": {""bound_source"": ""explicit_upper_bound"", ""canonical_expansions"": [], ""combination_id"": null, ""explicit_or_derived_upper_bound"": 2.8, ""lower_bound"": 1.5, ""member_id"": null, ""member_logic_code"": null, ""origin"": ""hbond"", ""target_uncertainty"": null, ""target_value"": 2.0, ""upper_linear_limit"": null, ""weight"": 1.0}, ""source_rows"": [""25""], ""source_upper_bound"": 2.8, ""warnings"": []}, {""averaging_factor"": 1.0, ""averaging_policy"": ""sum-r6"", ""bond_offset"": 0.0, ""explicit_pair_count"": 1, ""group_id"": ""nef_distance_restraint_list_CNS_distance_restraints_1:26"", ""projected_upper_bound"": 3.6, ""source_endpoints"": [""A:25:LEU:N -- A:21:ASP:O""], ""source_observation"": {""bound_source"": ""explicit_upper_bound"", ""canonical_expansions"": [], ""combination_id"": null, ""explicit_or_derived_upper_bound"": 3.6, ""lower_bound"": 2.3, ""member_id"": null, ""member_logic_code"": null, ""origin"": ""hbond"", ""target_uncertainty"": null, ""target_value"": 2.8, ""upper_linear_limit"": null, ""weight"": 1.0}, ""source_rows"": [""26""], ""source_upper_bound"": 3.6, ""warnings"": []}], ""raw_projected_distance"": 3.6, ""token_raw_bound"": 3.6}"
A	23	B	7	4.000000	3.700000	4.000000	nef_distance_restraint_list_CNS_distance_restraints_1:97	exact	raised_to_token_minimum	"{""atom1"": {""atom_name"": ""ND2"", ""chain"": ""A"", ""residue_index"": 23}, ""atom2"": {""atom_name"": ""O"", ""chain"": ""B"", ""residue_index"": 7}, ""atom_constraint_adjustment"": null, ""atom_constraint_bound"": 3.7, ""atom_constraint_provenance"": [{""averaging_factor"": 1.0, ""averaging_policy"": ""sum-r6"", ""bond_offset"": 0.0, ""explicit_pair_count"": 1, ""group_id"": ""nef_distance_restraint_list_CNS_distance_restraints_1:97"", ""projected_upper_bound"": 3.7, ""source_endpoints"": [""A:23:ASN:ND2 -- B:207:ARG:O""], ""source_observation"": {""bound_source"": ""explicit_upper_bound"", ""canonical_expansions"": [], ""combination_id"": null, ""explicit_or_derived_upper_bound"": 3.7, ""lower_bound"": 2.5, ""member_id"": null, ""member_logic_code"": null, ""origin"": ""hbond"", ""target_uncertainty"": null, ""target_value"": 3.0, ""upper_linear_limit"": null, ""weight"": 1.0}, ""source_rows"": [""97""], ""source_upper_bound"": 3.7, ""warnings"": []}], ""raw_projected_distance"": 3.7, ""token_raw_bound"": 3.7}"
A	26	A	30	4.000000	3.300000	4.000000	nef_distance_restraint_list_CNS_distance_restraints_1:27;nef_distance_restraint_list_CNS_distance_restraints_1:28	exact	raised_to_token_minimum	"{""atom1"": {""atom_name"": ""O"", ""chain"": ""A"", ""residue_index"": 26}, ""atom2"": {""atom_name"": ""N"", ""chain"": ""A"", ""residue_index"": 30}, ""atom_constraint_adjustment"": null, ""atom_constraint_bound"": 3.3, ""atom_constraint_provenance"": [{""averaging_factor"": 1.0, ""averaging_policy"": ""sum-r6"", ""bond_offset"": 1.08, ""explicit_pair_count"": 1, ""group_id"": ""nef_distance_restraint_list_CNS_distance_restraints_1:27"", ""projected_upper_bound"": 3.48, ""source_endpoints"": [""A:30:LEU:H -- A:26:PRO:O""], ""source_observation"": {""bound_source"": ""explicit_upper_bound"", ""canonical_expansions"": [], ""combination_id"": null, ""explicit_or_derived_upper_bound"": 2.4, ""lower_bound"": 1.3, ""member_id"": null, ""member_logic_code"": null, ""origin"": ""hbond"", ""target_uncertainty"": null, ""target_value"": 1.8, ""upper_linear_limit"": null, ""weight"": 1.0}, ""source_rows"": [""27""], ""source_upper_bound"": 2.4, ""warnings"": []}, {""averaging_factor"": 1.0, ""averaging_policy"": ""sum-r6"", ""bond_offset"": 0.0, ""explicit_pair_count"": 1, ""group_id"": ""nef_distance_restraint_list_CNS_distance_restraints_1:28"", ""projected_upper_bound"": 3.3, ""source_endpoints"": [""A:30:LEU:N -- A:26:PRO:O""], ""source_observation"": {""bound_source"": ""explicit_upper_bound"", ""canonical_expansions"": [], ""combination_id"": null, ""explicit_or_derived_upper_bound"": 3.3, ""lower_bound"": 2.3, ""member_id"": null, ""member_logic_code"": null, ""origin"": ""hbond"", ""target_uncertainty"": null, ""target_value"": 2.8, ""upper_linear_limit"": null, ""weight"": 1.0}, ""source_rows"": [""28""], ""source_upper_bound"": 3.3, ""warnings"": []}], ""raw_projected_distance"": 3.3, ""token_raw_bound"": 3.3}"
A	27	A	31	4.000000	4.000000	4.000000	nef_distance_restraint_list_CNS_distance_restraints_1:29;nef_distance_restraint_list_CNS_distance_restraints_1:30	exact		"{""atom1"": {""atom_name"": ""O"", ""chain"": ""A"", ""residue_index"": 27}, ""atom2"": {""atom_name"": ""N"", ""chain"": ""A"", ""residue_index"": 31}, ""atom_constraint_adjustment"": null, ""atom_constraint_bound"": 4.0, ""atom_constraint_provenance"": [{""averaging_factor"": 1.0, ""averaging_policy"": ""sum-r6"", ""bond_offset"": 1.08, ""explicit_pair_count"": 1, ""group_id"": ""nef_distance_restraint_list_CNS_distance_restraints_1:29"", ""projected_upper_bound"": 4.08, ""source_endpoints"": [""A:31:GLY:H -- A:27:GLY:O""], ""source_observation"": {""bound_source"": ""explicit_upper_bound"", ""canonical_expansions"": [], ""combination_id"": null, ""explicit_or_derived_upper_bound"": 3.0, ""lower_bound"": 2.0, ""member_id"": null, ""member_logic_code"": null, ""origin"": ""hbond"", ""target_uncertainty"": null, ""target_value"": 2.0, ""upper_linear_limit"": null, ""weight"": 1.0}, ""source_rows"": [""29""], ""source_upper_bound"": 3.0, ""warnings"": []}, {""averaging_factor"": 1.0, ""averaging_policy"": ""sum-r6"", ""bond_offset"": 0.0, ""explicit_pair_count"": 1, ""group_id"": ""nef_distance_restraint_list_CNS_distance_restraints_1:30"", ""projected_upper_bound"": 4.0, ""source_endpoints"": [""A:31:GLY:N -- A:27:GLY:O""], ""source_observation"": {""bound_source"": ""explicit_upper_bound"", ""canonical_expansions"": [], ""combination_id"": null, ""explicit_or_derived_upper_bound"": 4.0, ""lower_bound"": 2.5, ""member_id"": null, ""member_logic_code"": null, ""origin"": ""hbond"", ""target_uncertainty"": null, ""target_value"": 3.0, ""upper_linear_limit"": null, ""weight"": 1.0}, ""source_rows"": [""30""], ""source_upper_bound"": 4.0, ""warnings"": []}], ""raw_projected_distance"": 4.0, ""token_raw_bound"": 4.0}"
A	28	A	32	4.100000	4.100000	4.100000	nef_distance_restraint_list_CNS_distance_restraints_1:31;nef_distance_restraint_list_CNS_distance_restraints_2:1	exact		"{""atom1"": {""atom_name"": ""O"", ""chain"": ""A"", ""residue_index"": 28}, ""atom2"": {""atom_name"": ""N"", ""chain"": ""A"", ""residue_index"": 32}, ""atom_constraint_adjustment"": null, ""atom_constraint_bound"": 4.1, ""atom_constraint_provenance"": [{""averaging_factor"": 1.0, ""averaging_policy"": ""sum-r6"", ""bond_offset"": 1.08, ""explicit_pair_count"": 1, ""group_id"": ""nef_distance_restraint_list_CNS_distance_restraints_1:31"", ""projected_upper_bound"": 4.38, ""source_endpoints"": [""A:32:ARG:H -- A:28:GLU:O""], ""source_observation"": {""bound_source"": ""explicit_upper_bound"", ""canonical_expansions"": [], ""combination_id"": null, ""explicit_or_derived_upper_bound"": 3.3, ""lower_bound"": 1.8, ""member_id"": null, ""member_logic_code"": null, ""origin"": ""hbond"", ""target_uncertainty"": null, ""target_value"": 2.3, ""upper_linear_limit"": null, ""weight"": 1.0}, ""source_rows"": [""31""], ""source_upper_bound"": 3.3, ""warnings"": []}, {""averaging_factor"": 1.0, ""averaging_policy"": ""sum-r6"", ""bond_offset"": 0.0, ""explicit_pair_count"": 1, ""group_id"": ""nef_distance_restraint_list_CNS_distance_restraints_2:1"", ""projected_upper_bound"": 4.1, ""source_endpoints"": [""A:32:ARG:N -- A:28:GLU:O""], ""source_observation"": {""bound_source"": ""explicit_upper_bound"", ""canonical_expansions"": [], ""combination_id"": null, ""explicit_or_derived_upper_bound"": 4.1, ""lower_bound"": 2.6, ""member_id"": null, ""member_logic_code"": null, ""origin"": ""hbond"", ""target_uncertainty"": null, ""target_value"": 3.1, ""upper_linear_limit"": null, ""weight"": 1.0}, ""source_rows"": [""1""], ""source_upper_bound"": 4.1, ""warnings"": []}], ""raw_projected_distance"": 4.1, ""token_raw_bound"": 4.1}"
A	29	A	33	4.000000	4.000000	4.000000	nef_distance_restraint_list_CNS_distance_restraints_1:32;nef_distance_restraint_list_CNS_distance_restraints_1:33	exact		"{""atom1"": {""atom_name"": ""O"", ""chain"": ""A"", ""residue_index"": 29}, ""atom2"": {""atom_name"": ""N"", ""chain"": ""A"", ""residue_index"": 33}, ""atom_constraint_adjustment"": null, ""atom_constraint_bound"": 4.0, ""atom_constraint_provenance"": [{""averaging_factor"": 1.0, ""averaging_policy"": ""sum-r6"", ""bond_offset"": 1.08, ""explicit_pair_count"": 1, ""group_id"": ""nef_distance_restraint_list_CNS_distance_restraints_1:32"", ""projected_upper_bound"": 4.38, ""source_endpoints"": [""A:33:VAL:H -- A:29:LYS:O""], ""source_observation"": {""bound_source"": ""explicit_upper_bound"", ""canonical_expansions"": [], ""combination_id"": null, ""explicit_or_derived_upper_bound"": 3.3, ""lower_bound"": 1.8, ""member_id"": null, ""member_logic_code"": null, ""origin"": ""hbond"", ""target_uncertainty"": null, ""target_value"": 2.3, ""upper_linear_limit"": null, ""weight"": 1.0}, ""source_rows"": [""32""], ""source_upper_bound"": 3.3, ""warnings"": []}, {""averaging_factor"": 1.0, ""averaging_policy"": ""sum-r6"", ""bond_offset"": 0.0, ""explicit_pair_count"": 1, ""group_id"": ""nef_distance_restraint_list_CNS_distance_restraints_1:33"", ""projected_upper_bound"": 4.0, ""source_endpoints"": [""A:33:VAL:N -- A:29:LYS:O""], ""source_observation"": {""bound_source"": ""explicit_upper_bound"", ""canonical_expansions"": [], ""combination_id"": null, ""explicit_or_derived_upper_bound"": 4.0, ""lower_bound"": 2.5, ""member_id"": null, ""member_logic_code"": null, ""origin"": ""hbond"", ""target_uncertainty"": null, ""target_value"": 3.0, ""upper_linear_limit"": null, ""weight"": 1.0}, ""source_rows"": [""33""], ""source_upper_bound"": 4.0, ""warnings"": []}], ""raw_projected_distance"": 4.0, ""token_raw_bound"": 4.0}"
A	29	A	70	4.000000	3.500000	4.000000	nef_distance_restraint_list_CNS_distance_restraints_1:86	exact	raised_to_token_minimum	"{""atom1"": {""atom_name"": ""O"", ""chain"": ""A"", ""residue_index"": 29}, ""atom2"": {""atom_name"": ""OH"", ""chain"": ""A"", ""residue_index"": 70}, ""atom_constraint_adjustment"": null, ""atom_constraint_bound"": 3.5, ""atom_constraint_provenance"": [{""averaging_factor"": 1.0, ""averaging_policy"": ""sum-r6"", ""bond_offset"": 0.0, ""explicit_pair_count"": 1, ""group_id"": ""nef_distance_restraint_list_CNS_distance_restraints_1:86"", ""projected_upper_bound"": 3.5, ""source_endpoints"": [""A:70:TYR:OH -- A:29:LYS:O""], ""source_observation"": {""bound_source"": ""explicit_upper_bound"", ""canonical_expansions"": [], ""combination_id"": null, ""explicit_or_derived_upper_bound"": 3.5, ""lower_bound"": 2.5, ""member_id"": null, ""member_logic_code"": null, ""origin"": ""hbond"", ""target_uncertainty"": null, ""target_value"": 3.0, ""upper_linear_limit"": null, ""weight"": 1.0}, ""source_rows"": [""86""], ""source_upper_bound"": 3.5, ""warnings"": []}], ""raw_projected_distance"": 3.5, ""token_raw_bound"": 3.5}"
A	30	A	34	4.000000	3.300000	4.000000	nef_distance_restraint_list_CNS_distance_restraints_1:34;nef_distance_restraint_list_CNS_distance_restraints_1:35	exact	raised_to_token_minimum	"{""atom1"": {""atom_name"": ""O"", ""chain"": ""A"", ""residue_index"": 30}, ""atom2"": {""atom_name"": ""N"", ""chain"": ""A"", ""residue_index"": 34}, ""atom_constraint_adjustment"": null, ""atom_constraint_bound"": 3.3, ""atom_constraint_provenance"": [{""averaging_factor"": 1.0, ""averaging_policy"": ""sum-r6"", ""bond_offset"": 1.08, ""explicit_pair_count"": 1, ""group_id"": ""nef_distance_restraint_list_CNS_distance_restraints_1:34"", ""projected_upper_bound"": 3.38, ""source_endpoints"": [""A:34:VAL:H -- A:30:LEU:O""], ""source_observation"": {""bound_source"": ""explicit_upper_bound"", ""canonical_expansions"": [], ""combination_id"": null, ""explicit_or_derived_upper_bound"": 2.3, ""lower_bound"": 1.3, ""member_id"": null, ""member_logic_code"": null, ""origin"": ""hbond"", ""target_uncertainty"": null, ""target_value"": 1.8, ""upper_linear_limit"": null, ""weight"": 1.0}, ""source_rows"": [""34""], ""source_upper_bound"": 2.3, ""warnings"": []}, {""averaging_factor"": 1.0, ""averaging_policy"": ""sum-r6"", ""bond_offset"": 0.0, ""explicit_pair_count"": 1, ""group_id"": ""nef_distance_restraint_list_CNS_distance_restraints_1:35"", ""projected_upper_bound"": 3.3, ""source_endpoints"": [""A:34:VAL:N -- A:30:LEU:O""], ""source_observation"": {""bound_source"": ""explicit_upper_bound"", ""canonical_expansions"": [], ""combination_id"": null, ""explicit_or_derived_upper_bound"": 3.3, ""lower_bound"": 2.3, ""member_id"": null, ""member_logic_code"": null, ""origin"": ""hbond"", ""target_uncertainty"": null, ""target_value"": 2.8, ""upper_linear_limit"": null, ""weight"": 1.0}, ""source_rows"": [""35""], ""source_upper_bound"": 3.3, ""warnings"": []}], ""raw_projected_distance"": 3.3, ""token_raw_bound"": 3.3}"
A	31	A	35	4.000000	3.500000	4.000000	nef_distance_restraint_list_CNS_distance_restraints_1:36;nef_distance_restraint_list_CNS_distance_restraints_1:37	exact	raised_to_token_minimum	"{""atom1"": {""atom_name"": ""O"", ""chain"": ""A"", ""residue_index"": 31}, ""atom2"": {""atom_name"": ""N"", ""chain"": ""A"", ""residue_index"": 35}, ""atom_constraint_adjustment"": null, ""atom_constraint_bound"": 3.5, ""atom_constraint_provenance"": [{""averaging_factor"": 1.0, ""averaging_policy"": ""sum-r6"", ""bond_offset"": 1.08, ""explicit_pair_count"": 1, ""group_id"": ""nef_distance_restraint_list_CNS_distance_restraints_1:36"", ""projected_upper_bound"": 3.7800000000000002, ""source_endpoints"": [""A:35:HIS:H -- A:31:GLY:O""], ""source_observation"": {""bound_source"": ""explicit_upper_bound"", ""canonical_expansions"": [], ""combination_id"": null, ""explicit_or_derived_upper_bound"": 2.7, ""lower_bound"": 1.5, ""member_id"": null, ""member_logic_code"": null, ""origin"": ""hbond"", ""target_uncertainty"": null, ""target_value"": 2.0, ""upper_linear_limit"": null, ""weight"": 1.0}, ""source_rows"": [""36""], ""source_upper_bound"": 2.7, ""warnings"": []}, {""averaging_factor"": 1.0, ""averaging_policy"": ""sum-r6"", ""bond_offset"": 0.0, ""explicit_pair_count"": 1, ""group_id"": ""nef_distance_restraint_list_CNS_distance_restraints_1:37"", ""projected_upper_bound"": 3.5, ""source_endpoints"": [""A:35:HIS:N -- A:31:GLY:O""], ""source_observation"": {""bound_source"": ""explicit_upper_bound"", ""canonical_expansions"": [], ""combination_id"": null, ""explicit_or_derived_upper_bound"": 3.5, ""lower_bound"": 2.4, ""member_id"": null, ""member_logic_code"": null, ""origin"": ""hbond"", ""target_uncertainty"": null, ""target_value"": 2.9, ""upper_linear_limit"": null, ""weight"": 1.0}, ""source_rows"": [""37""], ""source_upper_bound"": 3.5, ""warnings"": []}], ""raw_projected_distance"": 3.5, ""token_raw_bound"": 3.5}"
A	32	A	36	4.000000	3.300000	4.000000	nef_distance_restraint_list_CNS_distance_restraints_1:38;nef_distance_restraint_list_CNS_distance_restraints_1:39	exact	raised_to_token_minimum	"{""atom1"": {""atom_name"": ""O"", ""chain"": ""A"", ""residue_index"": 32}, ""atom2"": {""atom_name"": ""N"", ""chain"": ""A"", ""residue_index"": 36}, ""atom_constraint_adjustment"": null, ""atom_constraint_bound"": 3.3, ""atom_constraint_provenance"": [{""averaging_factor"": 1.0, ""averaging_policy"": ""sum-r6"", ""bond_offset"": 1.08, ""explicit_pair_count"": 1, ""group_id"": ""nef_distance_restraint_list_CNS_distance_restraints_1:38"", ""projected_upper_bound"": 3.38, ""source_endpoints"": [""A:36:ILE:H -- A:32:ARG:O""], ""source_observation"": {""bound_source"": ""explicit_upper_bound"", ""canonical_expansions"": [], ""combination_id"": null, ""explicit_or_derived_upper_bound"": 2.3, ""lower_bound"": 1.3, ""member_id"": null, ""member_logic_code"": null, ""origin"": ""hbond"", ""target_uncertainty"": null, ""target_value"": 1.8, ""upper_linear_limit"": null, ""weight"": 1.0}, ""source_rows"": [""38""], ""source_upper_bound"": 2.3, ""warnings"": []}, {""averaging_factor"": 1.0, ""averaging_policy"": ""sum-r6"", ""bond_offset"": 0.0, ""explicit_pair_count"": 1, ""group_id"": ""nef_distance_restraint_list_CNS_distance_restraints_1:39"", ""projected_upper_bound"": 3.3, ""source_endpoints"": [""A:36:ILE:N -- A:32:ARG:O""], ""source_observation"": {""bound_source"": ""explicit_upper_bound"", ""canonical_expansions"": [], ""combination_id"": null, ""explicit_or_derived_upper_bound"": 3.3, ""lower_bound"": 2.3, ""member_id"": null, ""member_logic_code"": null, ""origin"": ""hbond"", ""target_uncertainty"": null, ""target_value"": 2.8, ""upper_linear_limit"": null, ""weight"": 1.0}, ""source_rows"": [""39""], ""source_upper_bound"": 3.3, ""warnings"": []}], ""raw_projected_distance"": 3.3, ""token_raw_bound"": 3.3}"
A	33	A	37	4.000000	3.300000	4.000000	nef_distance_restraint_list_CNS_distance_restraints_1:40;nef_distance_restraint_list_CNS_distance_restraints_1:41	exact	raised_to_token_minimum	"{""atom1"": {""atom_name"": ""O"", ""chain"": ""A"", ""residue_index"": 33}, ""atom2"": {""atom_name"": ""N"", ""chain"": ""A"", ""residue_index"": 37}, ""atom_constraint_adjustment"": null, ""atom_constraint_bound"": 3.3, ""atom_constraint_provenance"": [{""averaging_factor"": 1.0, ""averaging_policy"": ""sum-r6"", ""bond_offset"": 1.08, ""explicit_pair_count"": 1, ""group_id"": ""nef_distance_restraint_list_CNS_distance_restraints_1:40"", ""projected_upper_bound"": 3.38, ""source_endpoints"": [""A:37:ILE:H -- A:33:VAL:O""], ""source_observation"": {""bound_source"": ""explicit_upper_bound"", ""canonical_expansions"": [], ""combination_id"": null, ""explicit_or_derived_upper_bound"": 2.3, ""lower_bound"": 1.3, ""member_id"": null, ""member_logic_code"": null, ""origin"": ""hbond"", ""target_uncertainty"": null, ""target_value"": 1.8, ""upper_linear_limit"": null, ""weight"": 1.0}, ""source_rows"": [""40""], ""source_upper_bound"": 2.3, ""warnings"": []}, {""averaging_factor"": 1.0, ""averaging_policy"": ""sum-r6"", ""bond_offset"": 0.0, ""explicit_pair_count"": 1, ""group_id"": ""nef_distance_restraint_list_CNS_distance_restraints_1:41"", ""projected_upper_bound"": 3.3, ""source_endpoints"": [""A:37:ILE:N -- A:33:VAL:O""], ""source_observation"": {""bound_source"": ""explicit_upper_bound"", ""canonical_expansions"": [], ""combination_id"": null, ""explicit_or_derived_upper_bound"": 3.3, ""lower_bound"": 2.3, ""member_id"": null, ""member_logic_code"": null, ""origin"": ""hbond"", ""target_uncertainty"": null, ""target_value"": 2.8, ""upper_linear_limit"": null, ""weight"": 1.0}, ""source_rows"": [""41""], ""source_upper_bound"": 3.3, ""warnings"": []}], ""raw_projected_distance"": 3.3, ""token_raw_bound"": 3.3}"
A	34	A	38	4.000000	3.380000	4.000000	nef_distance_restraint_list_CNS_distance_restraints_1:42;nef_distance_restraint_list_CNS_distance_restraints_1:43	exact	raised_to_token_minimum	"{""atom1"": {""atom_name"": ""O"", ""chain"": ""A"", ""residue_index"": 34}, ""atom2"": {""atom_name"": ""N"", ""chain"": ""A"", ""residue_index"": 38}, ""atom_constraint_adjustment"": null, ""atom_constraint_bound"": 3.38, ""atom_constraint_provenance"": [{""averaging_factor"": 1.0, ""averaging_policy"": ""sum-r6"", ""bond_offset"": 1.08, ""explicit_pair_count"": 1, ""group_id"": ""nef_distance_restraint_list_CNS_distance_restraints_1:42"", ""projected_upper_bound"": 3.38, ""source_endpoints"": [""A:38:GLN:H -- A:34:VAL:O""], ""source_observation"": {""bound_source"": ""explicit_upper_bound"", ""canonical_expansions"": [], ""combination_id"": null, ""explicit_or_derived_upper_bound"": 2.3, ""lower_bound"": 1.3, ""member_id"": null, ""member_logic_code"": null, ""origin"": ""hbond"", ""target_uncertainty"": null, ""target_value"": 1.8, ""upper_linear_limit"": null, ""weight"": 1.0}, ""source_rows"": [""42""], ""source_upper_bound"": 2.3, ""warnings"": []}, {""averaging_factor"": 1.0, ""averaging_policy"": ""sum-r6"", ""bond_offset"": 0.0, ""explicit_pair_count"": 1, ""group_id"": ""nef_distance_restraint_list_CNS_distance_restraints_1:43"", ""projected_upper_bound"": 3.5, ""source_endpoints"": [""A:38:GLN:N -- A:34:VAL:O""], ""source_observation"": {""bound_source"": ""explicit_upper_bound"", ""canonical_expansions"": [], ""combination_id"": null, ""explicit_or_derived_upper_bound"": 3.5, ""lower_bound"": 2.3, ""member_id"": null, ""member_logic_code"": null, ""origin"": ""hbond"", ""target_uncertainty"": null, ""target_value"": 2.8, ""upper_linear_limit"": null, ""weight"": 1.0}, ""source_rows"": [""43""], ""source_upper_bound"": 3.5, ""warnings"": []}], ""raw_projected_distance"": 3.38, ""token_raw_bound"": 3.38}"
A	35	A	39	4.000000	3.300000	4.000000	nef_distance_restraint_list_CNS_distance_restraints_1:44;nef_distance_restraint_list_CNS_distance_restraints_1:45	exact	raised_to_token_minimum	"{""atom1"": {""atom_name"": ""O"", ""chain"": ""A"", ""residue_index"": 35}, ""atom2"": {""atom_name"": ""N"", ""chain"": ""A"", ""residue_index"": 39}, ""atom_constraint_adjustment"": null, ""atom_constraint_bound"": 3.3, ""atom_constraint_provenance"": [{""averaging_factor"": 1.0, ""averaging_policy"": ""sum-r6"", ""bond_offset"": 1.08, ""explicit_pair_count"": 1, ""group_id"": ""nef_distance_restraint_list_CNS_distance_restraints_1:44"", ""projected_upper_bound"": 3.58, ""source_endpoints"": [""A:39:SER:H -- A:35:HIS:O""], ""source_observation"": {""bound_source"": ""explicit_upper_bound"", ""canonical_expansions"": [], ""combination_id"": null, ""explicit_or_derived_upper_bound"": 2.5, ""lower_bound"": 1.5, ""member_id"": null, ""member_logic_code"": null, ""origin"": ""hbond"", ""target_uncertainty"": null, ""target_value"": 2.0, ""upper_linear_limit"": null, ""weight"": 1.0}, ""source_rows"": [""44""], ""source_upper_bound"": 2.5, ""warnings"": []}, {""averaging_factor"": 1.0, ""averaging_policy"": ""sum-r6"", ""bond_offset"": 0.0, ""explicit_pair_count"": 1, ""group_id"": ""nef_distance_restraint_list_CNS_distance_restraints_1:45"", ""projected_upper_bound"": 3.3, ""source_endpoints"": [""A:39:SER:N -- A:35:HIS:O""], ""source_observation"": {""bound_source"": ""explicit_upper_bound"", ""canonical_expansions"": [], ""combination_id"": null, ""explicit_or_derived_upper_bound"": 3.3, ""lower_bound"": 2.3, ""member_id"": null, ""member_logic_code"": null, ""origin"": ""hbond"", ""target_uncertainty"": null, ""target_value"": 2.8, ""upper_linear_limit"": null, ""weight"": 1.0}, ""source_rows"": [""45""], ""source_upper_bound"": 3.3, ""warnings"": []}], ""raw_projected_distance"": 3.3, ""token_raw_bound"": 3.3}"
A	36	A	40	4.000000	3.300000	4.000000	nef_distance_restraint_list_CNS_distance_restraints_1:46;nef_distance_restraint_list_CNS_distance_restraints_1:47	exact	raised_to_token_minimum	"{""atom1"": {""atom_name"": ""O"", ""chain"": ""A"", ""residue_index"": 36}, ""atom2"": {""atom_name"": ""N"", ""chain"": ""A"", ""residue_index"": 40}, ""atom_constraint_adjustment"": null, ""atom_constraint_bound"": 3.3, ""atom_constraint_provenance"": [{""averaging_factor"": 1.0, ""averaging_policy"": ""sum-r6"", ""bond_offset"": 1.08, ""explicit_pair_count"": 1, ""group_id"": ""nef_distance_restraint_list_CNS_distance_restraints_1:46"", ""projected_upper_bound"": 3.38, ""source_endpoints"": [""A:40:ARG:H -- A:36:ILE:O""], ""source_observation"": {""bound_source"": ""explicit_upper_bound"", ""canonical_expansions"": [], ""combination_id"": null, ""explicit_or_derived_upper_bound"": 2.3, ""lower_bound"": 1.3, ""member_id"": null, ""member_logic_code"": null, ""origin"": ""hbond"", ""target_uncertainty"": null, ""target_value"": 1.8, ""upper_linear_limit"": null, ""weight"": 1.0}, ""source_rows"": [""46""], ""source_upper_bound"": 2.3, ""warnings"": []}, {""averaging_factor"": 1.0, ""averaging_policy"": ""sum-r6"", ""bond_offset"": 0.0, ""explicit_pair_count"": 1, ""group_id"": ""nef_distance_restraint_list_CNS_distance_restraints_1:47"", ""projected_upper_bound"": 3.3, ""source_endpoints"": [""A:40:ARG:N -- A:36:ILE:O""], ""source_observation"": {""bound_source"": ""explicit_upper_bound"", ""canonical_expansions"": [], ""combination_id"": null, ""explicit_or_derived_upper_bound"": 3.3, ""lower_bound"": 2.3, ""member_id"": null, ""member_logic_code"": null, ""origin"": ""hbond"", ""target_uncertainty"": null, ""target_value"": 2.8, ""upper_linear_limit"": null, ""weight"": 1.0}, ""source_rows"": [""47""], ""source_upper_bound"": 3.3, ""warnings"": []}], ""raw_projected_distance"": 3.3, ""token_raw_bound"": 3.3}"
A	37	A	41	4.000000	3.300000	4.000000	nef_distance_restraint_list_CNS_distance_restraints_1:48;nef_distance_restraint_list_CNS_distance_restraints_1:49	exact	raised_to_token_minimum	"{""atom1"": {""atom_name"": ""O"", ""chain"": ""A"", ""residue_index"": 37}, ""atom2"": {""atom_name"": ""N"", ""chain"": ""A"", ""residue_index"": 41}, ""atom_constraint_adjustment"": null, ""atom_constraint_bound"": 3.3, ""atom_constraint_provenance"": [{""averaging_factor"": 1.0, ""averaging_policy"": ""sum-r6"", ""bond_offset"": 1.08, ""explicit_pair_count"": 1, ""group_id"": ""nef_distance_restraint_list_CNS_distance_restraints_1:48"", ""projected_upper_bound"": 3.38, ""source_endpoints"": [""A:41:GLU:H -- A:37:ILE:O""], ""source_observation"": {""bound_source"": ""explicit_upper_bound"", ""canonical_expansions"": [], ""combination_id"": null, ""explicit_or_derived_upper_bound"": 2.3, ""lower_bound"": 1.3, ""member_id"": null, ""member_logic_code"": null, ""origin"": ""hbond"", ""target_uncertainty"": null, ""target_value"": 1.8, ""upper_linear_limit"": null, ""weight"": 1.0}, ""source_rows"": [""48""], ""source_upper_bound"": 2.3, ""warnings"": []}, {""averaging_factor"": 1.0, ""averaging_policy"": ""sum-r6"", ""bond_offset"": 0.0, ""explicit_pair_count"": 1, ""group_id"": ""nef_distance_restraint_list_CNS_distance_restraints_1:49"", ""projected_upper_bound"": 3.3, ""source_endpoints"": [""A:41:GLU:N -- A:37:ILE:O""], ""source_observation"": {""bound_source"": ""explicit_upper_bound"", ""canonical_expansions"": [], ""combination_id"": null, ""explicit_or_derived_upper_bound"": 3.3, ""lower_bound"": 2.3, ""member_id"": null, ""member_logic_code"": null, ""origin"": ""hbond"", ""target_uncertainty"": null, ""target_value"": 2.8, ""upper_linear_limit"": null, ""weight"": 1.0}, ""source_rows"": [""49""], ""source_upper_bound"": 3.3, ""warnings"": []}], ""raw_projected_distance"": 3.3, ""token_raw_bound"": 3.3}"
A	40	A	60	4.000000	3.700000	4.000000	nef_distance_restraint_list_CNS_distance_restraints_1:82	exact	raised_to_token_minimum	"{""atom1"": {""atom_name"": ""O"", ""chain"": ""A"", ""residue_index"": 40}, ""atom2"": {""atom_name"": ""NZ"", ""chain"": ""A"", ""residue_index"": 60}, ""atom_constraint_adjustment"": null, ""atom_constraint_bound"": 3.7, ""atom_constraint_provenance"": [{""averaging_factor"": 1.0, ""averaging_policy"": ""sum-r6"", ""bond_offset"": 0.0, ""explicit_pair_count"": 1, ""group_id"": ""nef_distance_restraint_list_CNS_distance_restraints_1:82"", ""projected_upper_bound"": 3.7, ""source_endpoints"": [""A:60:LYS:NZ -- A:40:ARG:O""], ""source_observation"": {""bound_source"": ""explicit_upper_bound"", ""canonical_expansions"": [], ""combination_id"": null, ""explicit_or_derived_upper_bound"": 3.7, ""lower_bound"": 2.5, ""member_id"": null, ""member_logic_code"": null, ""origin"": ""hbond"", ""target_uncertainty"": null, ""target_value"": 3.0, ""upper_linear_limit"": null, ""weight"": 1.0}, ""source_rows"": [""82""], ""source_upper_bound"": 3.7, ""warnings"": []}], ""raw_projected_distance"": 3.7, ""token_raw_bound"": 3.7}"
A	40	A	66	4.000000	3.500000	4.000000	nef_distance_restraint_list_CNS_distance_restraints_1:85	collapsed_union	raised_to_token_minimum	"{""alternatives"": [{""atom1"": {""atom_name"": ""NH1"", ""chain"": ""A"", ""residue_index"": 40}, ""atom2"": {""atom_name"": ""OE2"", ""chain"": ""A"", ""residue_index"": 66}, ""max_distance"": 3.5, ""raw_projected_distance"": null, ""source_endpoints"": [""A:40:ARG:NHx -- A:66:GLU:OE2""], ""source_rows"": [""85""]}, {""atom1"": {""atom_name"": ""NH2"", ""chain"": ""A"", ""residue_index"": 40}, ""atom2"": {""atom_name"": ""OE2"", ""chain"": ""A"", ""residue_index"": 66}, ""max_distance"": 3.5, ""raw_projected_distance"": null, ""source_endpoints"": [""A:40:ARG:NHx -- A:66:GLU:OE2""], ""source_rows"": [""85""]}], ""group_id"": ""nef_distance_restraint_list_CNS_distance_restraints_1:85"", ""list_name"": ""nef_distance_restraint_list_CNS_distance_restraints_1"", ""restraint_id"": ""85"", ""source_format"": ""nef"", ""token_raw_bound"": 3.5}"
A	41	A	60	4.000000	3.300000	4.000000	nef_distance_restraint_list_CNS_distance_restraints_1:83	exact	raised_to_token_minimum	"{""atom1"": {""atom_name"": ""OE2"", ""chain"": ""A"", ""residue_index"": 41}, ""atom2"": {""atom_name"": ""N"", ""chain"": ""A"", ""residue_index"": 60}, ""atom_constraint_adjustment"": null, ""atom_constraint_bound"": 3.3, ""atom_constraint_provenance"": [{""averaging_factor"": 1.0, ""averaging_policy"": ""sum-r6"", ""bond_offset"": 0.0, ""explicit_pair_count"": 1, ""group_id"": ""nef_distance_restraint_list_CNS_distance_restraints_1:83"", ""projected_upper_bound"": 3.3, ""source_endpoints"": [""A:60:LYS:N -- A:41:GLU:OE2""], ""source_observation"": {""bound_source"": ""explicit_upper_bound"", ""canonical_expansions"": [], ""combination_id"": null, ""explicit_or_derived_upper_bound"": 3.3, ""lower_bound"": 2.3, ""member_id"": null, ""member_logic_code"": null, ""origin"": ""hbond"", ""target_uncertainty"": null, ""target_value"": 2.8, ""upper_linear_limit"": null, ""weight"": 1.0}, ""source_rows"": [""83""], ""source_upper_bound"": 3.3, ""warnings"": []}], ""raw_projected_distance"": 3.3, ""token_raw_bound"": 3.3}"
A	41	A	63	4.000000	3.400000	4.000000	nef_distance_restraint_list_CNS_distance_restraints_1:84	exact	raised_to_token_minimum	"{""atom1"": {""atom_name"": ""OE2"", ""chain"": ""A"", ""residue_index"": 41}, ""atom2"": {""atom_name"": ""OG1"", ""chain"": ""A"", ""residue_index"": 63}, ""atom_constraint_adjustment"": null, ""atom_constraint_bound"": 3.4, ""atom_constraint_provenance"": [{""averaging_factor"": 1.0, ""averaging_policy"": ""sum-r6"", ""bond_offset"": 0.0, ""explicit_pair_count"": 1, ""group_id"": ""nef_distance_restraint_list_CNS_distance_restraints_1:84"", ""projected_upper_bound"": 3.4, ""source_endpoints"": [""A:63:THR:OG1 -- A:41:GLU:OE2""], ""source_observation"": {""bound_source"": ""explicit_upper_bound"", ""canonical_expansions"": [], ""combination_id"": null, ""explicit_or_derived_upper_bound"": 3.4, ""lower_bound"": 2.3, ""member_id"": null, ""member_logic_code"": null, ""origin"": ""hbond"", ""target_uncertainty"": null, ""target_value"": 2.8, ""upper_linear_limit"": null, ""weight"": 1.0}, ""source_rows"": [""84""], ""source_upper_bound"": 3.4, ""warnings"": []}], ""raw_projected_distance"": 3.4, ""token_raw_bound"": 3.4}"
A	50	B	10	4.000000	3.600000	4.000000	nef_distance_restraint_list_CNS_distance_restraints_1:95;nef_distance_restraint_list_CNS_distance_restraints_1:96	exact	raised_to_token_minimum	"{""atom1"": {""atom_name"": ""O"", ""chain"": ""A"", ""residue_index"": 50}, ""atom2"": {""atom_name"": ""N"", ""chain"": ""B"", ""residue_index"": 10}, ""atom_constraint_adjustment"": null, ""atom_constraint_bound"": 3.6, ""atom_constraint_provenance"": [{""averaging_factor"": 1.0, ""averaging_policy"": ""sum-r6"", ""bond_offset"": 1.08, ""explicit_pair_count"": 1, ""group_id"": ""nef_distance_restraint_list_CNS_distance_restraints_1:95"", ""projected_upper_bound"": 3.68, ""source_endpoints"": [""B:210:LEU:H -- A:50:ASP:O""], ""source_observation"": {""bound_source"": ""explicit_upper_bound"", ""canonical_expansions"": [], ""combination_id"": null, ""explicit_or_derived_upper_bound"": 2.6, ""lower_bound"": 1.5, ""member_id"": null, ""member_logic_code"": null, ""origin"": ""hbond"", ""target_uncertainty"": null, ""target_value"": 2.0, ""upper_linear_limit"": null, ""weight"": 1.0}, ""source_rows"": [""95""], ""source_upper_bound"": 2.6, ""warnings"": []}, {""averaging_factor"": 1.0, ""averaging_policy"": ""sum-r6"", ""bond_offset"": 0.0, ""explicit_pair_count"": 1, ""group_id"": ""nef_distance_restraint_list_CNS_distance_restraints_1:96"", ""projected_upper_bound"": 3.6, ""source_endpoints"": [""B:210:LEU:N -- A:50:ASP:O""], ""source_observation"": {""bound_source"": ""explicit_upper_bound"", ""canonical_expansions"": [], ""combination_id"": null, ""explicit_or_derived_upper_bound"": 3.6, ""lower_bound"": 2.5, ""member_id"": null, ""member_logic_code"": null, ""origin"": ""hbond"", ""target_uncertainty"": null, ""target_value"": 3.0, ""upper_linear_limit"": null, ""weight"": 1.0}, ""source_rows"": [""96""], ""source_upper_bound"": 3.6, ""warnings"": []}], ""raw_projected_distance"": 3.6, ""token_raw_bound"": 3.6}"
A	51	B	9	4.000000	3.700000	4.000000	nef_distance_restraint_list_CNS_distance_restraints_1:99	exact	raised_to_token_minimum	"{""atom1"": {""atom_name"": ""OE1"", ""chain"": ""A"", ""residue_index"": 51}, ""atom2"": {""atom_name"": ""NE2"", ""chain"": ""B"", ""residue_index"": 9}, ""atom_constraint_adjustment"": null, ""atom_constraint_bound"": 3.7, ""atom_constraint_provenance"": [{""averaging_factor"": 1.0, ""averaging_policy"": ""sum-r6"", ""bond_offset"": 0.0, ""explicit_pair_count"": 1, ""group_id"": ""nef_distance_restraint_list_CNS_distance_restraints_1:99"", ""projected_upper_bound"": 3.7, ""source_endpoints"": [""B:209:GLN:NE2 -- A:51:GLU:OE1""], ""source_observation"": {""bound_source"": ""explicit_upper_bound"", ""canonical_expansions"": [], ""combination_id"": null, ""explicit_or_derived_upper_bound"": 3.7, ""lower_bound"": 2.5, ""member_id"": null, ""member_logic_code"": null, ""origin"": ""hbond"", ""target_uncertainty"": null, ""target_value"": 3.0, ""upper_linear_limit"": null, ""weight"": 1.0}, ""source_rows"": [""99""], ""source_upper_bound"": 3.7, ""warnings"": []}], ""raw_projected_distance"": 3.7, ""token_raw_bound"": 3.7}"
A	52	B	8	4.000000	3.600000	4.000000	nef_distance_restraint_list_CNS_distance_restraints_1:91;nef_distance_restraint_list_CNS_distance_restraints_1:92	exact	raised_to_token_minimum;duplicate_token_pair_merged	"{""atom1"": {""atom_name"": ""O"", ""chain"": ""A"", ""residue_index"": 52}, ""atom2"": {""atom_name"": ""N"", ""chain"": ""B"", ""residue_index"": 8}, ""atom_constraint_adjustment"": null, ""atom_constraint_bound"": 3.6, ""atom_constraint_provenance"": [{""averaging_factor"": 1.0, ""averaging_policy"": ""sum-r6"", ""bond_offset"": 1.08, ""explicit_pair_count"": 1, ""group_id"": ""nef_distance_restraint_list_CNS_distance_restraints_1:91"", ""projected_upper_bound"": 3.68, ""source_endpoints"": [""B:208:ILE:H -- A:52:ILE:O""], ""source_observation"": {""bound_source"": ""explicit_upper_bound"", ""canonical_expansions"": [], ""combination_id"": null, ""explicit_or_derived_upper_bound"": 2.6, ""lower_bound"": 1.5, ""member_id"": null, ""member_logic_code"": null, ""origin"": ""hbond"", ""target_uncertainty"": null, ""target_value"": 2.0, ""upper_linear_limit"": null, ""weight"": 1.0}, ""source_rows"": [""91""], ""source_upper_bound"": 2.6, ""warnings"": []}, {""averaging_factor"": 1.0, ""averaging_policy"": ""sum-r6"", ""bond_offset"": 0.0, ""explicit_pair_count"": 1, ""group_id"": ""nef_distance_restraint_list_CNS_distance_restraints_1:92"", ""projected_upper_bound"": 3.6, ""source_endpoints"": [""B:208:ILE:N -- A:52:ILE:O""], ""source_observation"": {""bound_source"": ""explicit_upper_bound"", ""canonical_expansions"": [], ""combination_id"": null, ""explicit_or_derived_upper_bound"": 3.6, ""lower_bound"": 2.5, ""member_id"": null, ""member_logic_code"": null, ""origin"": ""hbond"", ""target_uncertainty"": null, ""target_value"": 3.0, ""upper_linear_limit"": null, ""weight"": 1.0}, ""source_rows"": [""92""], ""source_upper_bound"": 3.6, ""warnings"": []}], ""raw_projected_distance"": 3.6, ""token_raw_bound"": 3.6}"
A	52	B	8	4.000000	3.600000	4.000000	nef_distance_restraint_list_CNS_distance_restraints_1:93;nef_distance_restraint_list_CNS_distance_restraints_1:94	exact	raised_to_token_minimum;duplicate_token_pair_merged	"{""atom1"": {""atom_name"": ""N"", ""chain"": ""A"", ""residue_index"": 52}, ""atom2"": {""atom_name"": ""O"", ""chain"": ""B"", ""residue_index"": 8}, ""atom_constraint_adjustment"": null, ""atom_constraint_bound"": 3.6, ""atom_constraint_provenance"": [{""averaging_factor"": 1.0, ""averaging_policy"": ""sum-r6"", ""bond_offset"": 1.08, ""explicit_pair_count"": 1, ""group_id"": ""nef_distance_restraint_list_CNS_distance_restraints_1:93"", ""projected_upper_bound"": 3.68, ""source_endpoints"": [""A:52:ILE:H -- B:208:ILE:O""], ""source_observation"": {""bound_source"": ""explicit_upper_bound"", ""canonical_expansions"": [], ""combination_id"": null, ""explicit_or_derived_upper_bound"": 2.6, ""lower_bound"": 1.5, ""member_id"": null, ""member_logic_code"": null, ""origin"": ""hbond"", ""target_uncertainty"": null, ""target_value"": 2.0, ""upper_linear_limit"": null, ""weight"": 1.0}, ""source_rows"": [""93""], ""source_upper_bound"": 2.6, ""warnings"": []}, {""averaging_factor"": 1.0, ""averaging_policy"": ""sum-r6"", ""bond_offset"": 0.0, ""explicit_pair_count"": 1, ""group_id"": ""nef_distance_restraint_list_CNS_distance_restraints_1:94"", ""projected_upper_bound"": 3.6, ""source_endpoints"": [""A:52:ILE:N -- B:208:ILE:O""], ""source_observation"": {""bound_source"": ""explicit_upper_bound"", ""canonical_expansions"": [], ""combination_id"": null, ""explicit_or_derived_upper_bound"": 3.6, ""lower_bound"": 2.5, ""member_id"": null, ""member_logic_code"": null, ""origin"": ""hbond"", ""target_uncertainty"": null, ""target_value"": 3.0, ""upper_linear_limit"": null, ""weight"": 1.0}, ""source_rows"": [""94""], ""source_upper_bound"": 3.6, ""warnings"": []}], ""raw_projected_distance"": 3.6, ""token_raw_bound"": 3.6}"
A	53	B	7	4.000000	3.700000	4.000000	nef_distance_restraint_list_CNS_distance_restraints_1:98	exact	raised_to_token_minimum	"{""atom1"": {""atom_name"": ""OE1"", ""chain"": ""A"", ""residue_index"": 53}, ""atom2"": {""atom_name"": ""NE"", ""chain"": ""B"", ""residue_index"": 7}, ""atom_constraint_adjustment"": null, ""atom_constraint_bound"": 3.7, ""atom_constraint_provenance"": [{""averaging_factor"": 1.0, ""averaging_policy"": ""sum-r6"", ""bond_offset"": 0.0, ""explicit_pair_count"": 1, ""group_id"": ""nef_distance_restraint_list_CNS_distance_restraints_1:98"", ""projected_upper_bound"": 3.7, ""source_endpoints"": [""B:207:ARG:NE -- A:53:GLU:OE1""], ""source_observation"": {""bound_source"": ""explicit_upper_bound"", ""canonical_expansions"": [], ""combination_id"": null, ""explicit_or_derived_upper_bound"": 3.7, ""lower_bound"": 2.5, ""member_id"": null, ""member_logic_code"": null, ""origin"": ""hbond"", ""target_uncertainty"": null, ""target_value"": 3.0, ""upper_linear_limit"": null, ""weight"": 1.0}, ""source_rows"": [""98""], ""source_upper_bound"": 3.7, ""warnings"": []}], ""raw_projected_distance"": 3.7, ""token_raw_bound"": 3.7}"
A	54	B	6	4.000000	3.600000	4.000000	nef_distance_restraint_list_CNS_distance_restraints_1:87;nef_distance_restraint_list_CNS_distance_restraints_1:88	exact	raised_to_token_minimum;duplicate_token_pair_merged	"{""atom1"": {""atom_name"": ""O"", ""chain"": ""A"", ""residue_index"": 54}, ""atom2"": {""atom_name"": ""N"", ""chain"": ""B"", ""residue_index"": 6}, ""atom_constraint_adjustment"": null, ""atom_constraint_bound"": 3.6, ""atom_constraint_provenance"": [{""averaging_factor"": 1.0, ""averaging_policy"": ""sum-r6"", ""bond_offset"": 1.08, ""explicit_pair_count"": 1, ""group_id"": ""nef_distance_restraint_list_CNS_distance_restraints_1:87"", ""projected_upper_bound"": 3.68, ""source_endpoints"": [""B:206:ILE:H -- A:54:ILE:O""], ""source_observation"": {""bound_source"": ""explicit_upper_bound"", ""canonical_expansions"": [], ""combination_id"": null, ""explicit_or_derived_upper_bound"": 2.6, ""lower_bound"": 1.5, ""member_id"": null, ""member_logic_code"": null, ""origin"": ""hbond"", ""target_uncertainty"": null, ""target_value"": 2.0, ""upper_linear_limit"": null, ""weight"": 1.0}, ""source_rows"": [""87""], ""source_upper_bound"": 2.6, ""warnings"": []}, {""averaging_factor"": 1.0, ""averaging_policy"": ""sum-r6"", ""bond_offset"": 0.0, ""explicit_pair_count"": 1, ""group_id"": ""nef_distance_restraint_list_CNS_distance_restraints_1:88"", ""projected_upper_bound"": 3.6, ""source_endpoints"": [""B:206:ILE:N -- A:54:ILE:O""], ""source_observation"": {""bound_source"": ""explicit_upper_bound"", ""canonical_expansions"": [], ""combination_id"": null, ""explicit_or_derived_upper_bound"": 3.6, ""lower_bound"": 2.5, ""member_id"": null, ""member_logic_code"": null, ""origin"": ""hbond"", ""target_uncertainty"": null, ""target_value"": 3.0, ""upper_linear_limit"": null, ""weight"": 1.0}, ""source_rows"": [""88""], ""source_upper_bound"": 3.6, ""warnings"": []}], ""raw_projected_distance"": 3.6, ""token_raw_bound"": 3.6}"
A	54	B	6	4.000000	3.600000	4.000000	nef_distance_restraint_list_CNS_distance_restraints_1:89;nef_distance_restraint_list_CNS_distance_restraints_1:90	exact	raised_to_token_minimum;duplicate_token_pair_merged	"{""atom1"": {""atom_name"": ""N"", ""chain"": ""A"", ""residue_index"": 54}, ""atom2"": {""atom_name"": ""O"", ""chain"": ""B"", ""residue_index"": 6}, ""atom_constraint_adjustment"": null, ""atom_constraint_bound"": 3.6, ""atom_constraint_provenance"": [{""averaging_factor"": 1.0, ""averaging_policy"": ""sum-r6"", ""bond_offset"": 1.08, ""explicit_pair_count"": 1, ""group_id"": ""nef_distance_restraint_list_CNS_distance_restraints_1:89"", ""projected_upper_bound"": 3.68, ""source_endpoints"": [""A:54:ILE:H -- B:206:ILE:O""], ""source_observation"": {""bound_source"": ""explicit_upper_bound"", ""canonical_expansions"": [], ""combination_id"": null, ""explicit_or_derived_upper_bound"": 2.6, ""lower_bound"": 1.5, ""member_id"": null, ""member_logic_code"": null, ""origin"": ""hbond"", ""target_uncertainty"": null, ""target_value"": 2.0, ""upper_linear_limit"": null, ""weight"": 1.0}, ""source_rows"": [""89""], ""source_upper_bound"": 2.6, ""warnings"": []}, {""averaging_factor"": 1.0, ""averaging_policy"": ""sum-r6"", ""bond_offset"": 0.0, ""explicit_pair_count"": 1, ""group_id"": ""nef_distance_restraint_list_CNS_distance_restraints_1:90"", ""projected_upper_bound"": 3.6, ""source_endpoints"": [""A:54:ILE:N -- B:206:ILE:O""], ""source_observation"": {""bound_source"": ""explicit_upper_bound"", ""canonical_expansions"": [], ""combination_id"": null, ""explicit_or_derived_upper_bound"": 3.6, ""lower_bound"": 2.5, ""member_id"": null, ""member_logic_code"": null, ""origin"": ""hbond"", ""target_uncertainty"": null, ""target_value"": 3.0, ""upper_linear_limit"": null, ""weight"": 1.0}, ""source_rows"": [""90""], ""source_upper_bound"": 3.6, ""warnings"": []}], ""raw_projected_distance"": 3.6, ""token_raw_bound"": 3.6}"
A	55	A	59	4.000000	3.300000	4.000000	nef_distance_restraint_list_CNS_distance_restraints_1:50;nef_distance_restraint_list_CNS_distance_restraints_1:51	exact	raised_to_token_minimum	"{""atom1"": {""atom_name"": ""O"", ""chain"": ""A"", ""residue_index"": 55}, ""atom2"": {""atom_name"": ""N"", ""chain"": ""A"", ""residue_index"": 59}, ""atom_constraint_adjustment"": null, ""atom_constraint_bound"": 3.3, ""atom_constraint_provenance"": [{""averaging_factor"": 1.0, ""averaging_policy"": ""sum-r6"", ""bond_offset"": 1.08, ""explicit_pair_count"": 1, ""group_id"": ""nef_distance_restraint_list_CNS_distance_restraints_1:50"", ""projected_upper_bound"": 3.58, ""source_endpoints"": [""A:59:LEU:H -- A:55:ASP:O""], ""source_observation"": {""bound_source"": ""explicit_upper_bound"", ""canonical_expansions"": [], ""combination_id"": null, ""explicit_or_derived_upper_bound"": 2.5, ""lower_bound"": 1.5, ""member_id"": null, ""member_logic_code"": null, ""origin"": ""hbond"", ""target_uncertainty"": null, ""target_value"": 2.0, ""upper_linear_limit"": null, ""weight"": 1.0}, ""source_rows"": [""50""], ""source_upper_bound"": 2.5, ""warnings"": []}, {""averaging_factor"": 1.0, ""averaging_policy"": ""sum-r6"", ""bond_offset"": 0.0, ""explicit_pair_count"": 1, ""group_id"": ""nef_distance_restraint_list_CNS_distance_restraints_1:51"", ""projected_upper_bound"": 3.3, ""source_endpoints"": [""A:59:LEU:N -- A:55:ASP:O""], ""source_observation"": {""bound_source"": ""explicit_upper_bound"", ""canonical_expansions"": [], ""combination_id"": null, ""explicit_or_derived_upper_bound"": 3.3, ""lower_bound"": 2.3, ""member_id"": null, ""member_logic_code"": null, ""origin"": ""hbond"", ""target_uncertainty"": null, ""target_value"": 2.8, ""upper_linear_limit"": null, ""weight"": 1.0}, ""source_rows"": [""51""], ""source_upper_bound"": 3.3, ""warnings"": []}], ""raw_projected_distance"": 3.3, ""token_raw_bound"": 3.3}"
A	60	A	64	4.000000	3.300000	4.000000	nef_distance_restraint_list_CNS_distance_restraints_1:52;nef_distance_restraint_list_CNS_distance_restraints_1:53	exact	raised_to_token_minimum	"{""atom1"": {""atom_name"": ""O"", ""chain"": ""A"", ""residue_index"": 60}, ""atom2"": {""atom_name"": ""N"", ""chain"": ""A"", ""residue_index"": 64}, ""atom_constraint_adjustment"": null, ""atom_constraint_bound"": 3.3, ""atom_constraint_provenance"": [{""averaging_factor"": 1.0, ""averaging_policy"": ""sum-r6"", ""bond_offset"": 1.08, ""explicit_pair_count"": 1, ""group_id"": ""nef_distance_restraint_list_CNS_distance_restraints_1:52"", ""projected_upper_bound"": 3.38, ""source_endpoints"": [""A:64:LEU:H -- A:60:LYS:O""], ""source_observation"": {""bound_source"": ""explicit_upper_bound"", ""canonical_expansions"": [], ""combination_id"": null, ""explicit_or_derived_upper_bound"": 2.3, ""lower_bound"": 1.3, ""member_id"": null, ""member_logic_code"": null, ""origin"": ""hbond"", ""target_uncertainty"": null, ""target_value"": 1.8, ""upper_linear_limit"": null, ""weight"": 1.0}, ""source_rows"": [""52""], ""source_upper_bound"": 2.3, ""warnings"": []}, {""averaging_factor"": 1.0, ""averaging_policy"": ""sum-r6"", ""bond_offset"": 0.0, ""explicit_pair_count"": 1, ""group_id"": ""nef_distance_restraint_list_CNS_distance_restraints_1:53"", ""projected_upper_bound"": 3.3, ""source_endpoints"": [""A:64:LEU:N -- A:60:LYS:O""], ""source_observation"": {""bound_source"": ""explicit_upper_bound"", ""canonical_expansions"": [], ""combination_id"": null, ""explicit_or_derived_upper_bound"": 3.3, ""lower_bound"": 2.3, ""member_id"": null, ""member_logic_code"": null, ""origin"": ""hbond"", ""target_uncertainty"": null, ""target_value"": 2.8, ""upper_linear_limit"": null, ""weight"": 1.0}, ""source_rows"": [""53""], ""source_upper_bound"": 3.3, ""warnings"": []}], ""raw_projected_distance"": 3.3, ""token_raw_bound"": 3.3}"
A	61	A	65	4.000000	3.300000	4.000000	nef_distance_restraint_list_CNS_distance_restraints_1:54;nef_distance_restraint_list_CNS_distance_restraints_1:55	exact	raised_to_token_minimum	"{""atom1"": {""atom_name"": ""O"", ""chain"": ""A"", ""residue_index"": 61}, ""atom2"": {""atom_name"": ""N"", ""chain"": ""A"", ""residue_index"": 65}, ""atom_constraint_adjustment"": null, ""atom_constraint_bound"": 3.3, ""atom_constraint_provenance"": [{""averaging_factor"": 1.0, ""averaging_policy"": ""sum-r6"", ""bond_offset"": 1.08, ""explicit_pair_count"": 1, ""group_id"": ""nef_distance_restraint_list_CNS_distance_restraints_1:54"", ""projected_upper_bound"": 3.38, ""source_endpoints"": [""A:65:ARG:H -- A:61:PRO:O""], ""source_observation"": {""bound_source"": ""explicit_upper_bound"", ""canonical_expansions"": [], ""combination_id"": null, ""explicit_or_derived_upper_bound"": 2.3, ""lower_bound"": 1.3, ""member_id"": null, ""member_logic_code"": null, ""origin"": ""hbond"", ""target_uncertainty"": null, ""target_value"": 1.8, ""upper_linear_limit"": null, ""weight"": 1.0}, ""source_rows"": [""54""], ""source_upper_bound"": 2.3, ""warnings"": []}, {""averaging_factor"": 1.0, ""averaging_policy"": ""sum-r6"", ""bond_offset"": 0.0, ""explicit_pair_count"": 1, ""group_id"": ""nef_distance_restraint_list_CNS_distance_restraints_1:55"", ""projected_upper_bound"": 3.3, ""source_endpoints"": [""A:65:ARG:N -- A:61:PRO:O""], ""source_observation"": {""bound_source"": ""explicit_upper_bound"", ""canonical_expansions"": [], ""combination_id"": null, ""explicit_or_derived_upper_bound"": 3.3, ""lower_bound"": 2.3, ""member_id"": null, ""member_logic_code"": null, ""origin"": ""hbond"", ""target_uncertainty"": null, ""target_value"": 2.8, ""upper_linear_limit"": null, ""weight"": 1.0}, ""source_rows"": [""55""], ""source_upper_bound"": 3.3, ""warnings"": []}], ""raw_projected_distance"": 3.3, ""token_raw_bound"": 3.3}"
A	62	A	66	4.000000	3.300000	4.000000	nef_distance_restraint_list_CNS_distance_restraints_1:56;nef_distance_restraint_list_CNS_distance_restraints_1:57	exact	raised_to_token_minimum	"{""atom1"": {""atom_name"": ""O"", ""chain"": ""A"", ""residue_index"": 62}, ""atom2"": {""atom_name"": ""N"", ""chain"": ""A"", ""residue_index"": 66}, ""atom_constraint_adjustment"": null, ""atom_constraint_bound"": 3.3, ""atom_constraint_provenance"": [{""averaging_factor"": 1.0, ""averaging_policy"": ""sum-r6"", ""bond_offset"": 1.08, ""explicit_pair_count"": 1, ""group_id"": ""nef_distance_restraint_list_CNS_distance_restraints_1:56"", ""projected_upper_bound"": 3.38, ""source_endpoints"": [""A:66:GLU:H -- A:62:SER:O""], ""source_observation"": {""bound_source"": ""explicit_upper_bound"", ""canonical_expansions"": [], ""combination_id"": null, ""explicit_or_derived_upper_bound"": 2.3, ""lower_bound"": 1.3, ""member_id"": null, ""member_logic_code"": null, ""origin"": ""hbond"", ""target_uncertainty"": null, ""target_value"": 1.8, ""upper_linear_limit"": null, ""weight"": 1.0}, ""source_rows"": [""56""], ""source_upper_bound"": 2.3, ""warnings"": []}, {""averaging_factor"": 1.0, ""averaging_policy"": ""sum-r6"", ""bond_offset"": 0.0, ""explicit_pair_count"": 1, ""group_id"": ""nef_distance_restraint_list_CNS_distance_restraints_1:57"", ""projected_upper_bound"": 3.3, ""source_endpoints"": [""A:66:GLU:N -- A:62:SER:O""], ""source_observation"": {""bound_source"": ""explicit_upper_bound"", ""canonical_expansions"": [], ""combination_id"": null, ""explicit_or_derived_upper_bound"": 3.3, ""lower_bound"": 2.3, ""member_id"": null, ""member_logic_code"": null, ""origin"": ""hbond"", ""target_uncertainty"": null, ""target_value"": 2.8, ""upper_linear_limit"": null, ""weight"": 1.0}, ""source_rows"": [""57""], ""source_upper_bound"": 3.3, ""warnings"": []}], ""raw_projected_distance"": 3.3, ""token_raw_bound"": 3.3}"
A	63	A	67	4.000000	3.300000	4.000000	nef_distance_restraint_list_CNS_distance_restraints_1:58;nef_distance_restraint_list_CNS_distance_restraints_1:59	exact	raised_to_token_minimum	"{""atom1"": {""atom_name"": ""O"", ""chain"": ""A"", ""residue_index"": 63}, ""atom2"": {""atom_name"": ""N"", ""chain"": ""A"", ""residue_index"": 67}, ""atom_constraint_adjustment"": null, ""atom_constraint_bound"": 3.3, ""atom_constraint_provenance"": [{""averaging_factor"": 1.0, ""averaging_policy"": ""sum-r6"", ""bond_offset"": 1.08, ""explicit_pair_count"": 1, ""group_id"": ""nef_distance_restraint_list_CNS_distance_restraints_1:58"", ""projected_upper_bound"": 3.38, ""source_endpoints"": [""A:67:LEU:H -- A:63:THR:O""], ""source_observation"": {""bound_source"": ""explicit_upper_bound"", ""canonical_expansions"": [], ""combination_id"": null, ""explicit_or_derived_upper_bound"": 2.3, ""lower_bound"": 1.3, ""member_id"": null, ""member_logic_code"": null, ""origin"": ""hbond"", ""target_uncertainty"": null, ""target_value"": 1.8, ""upper_linear_limit"": null, ""weight"": 1.0}, ""source_rows"": [""58""], ""source_upper_bound"": 2.3, ""warnings"": []}, {""averaging_factor"": 1.0, ""averaging_policy"": ""sum-r6"", ""bond_offset"": 0.0, ""explicit_pair_count"": 1, ""group_id"": ""nef_distance_restraint_list_CNS_distance_restraints_1:59"", ""projected_upper_bound"": 3.3, ""source_endpoints"": [""A:67:LEU:N -- A:63:THR:O""], ""source_observation"": {""bound_source"": ""explicit_upper_bound"", ""canonical_expansions"": [], ""combination_id"": null, ""explicit_or_derived_upper_bound"": 3.3, ""lower_bound"": 2.3, ""member_id"": null, ""member_logic_code"": null, ""origin"": ""hbond"", ""target_uncertainty"": null, ""target_value"": 2.8, ""upper_linear_limit"": null, ""weight"": 1.0}, ""source_rows"": [""59""], ""source_upper_bound"": 3.3, ""warnings"": []}], ""raw_projected_distance"": 3.3, ""token_raw_bound"": 3.3}"
A	64	A	68	4.000000	3.300000	4.000000	nef_distance_restraint_list_CNS_distance_restraints_1:60;nef_distance_restraint_list_CNS_distance_restraints_1:61	exact	raised_to_token_minimum	"{""atom1"": {""atom_name"": ""O"", ""chain"": ""A"", ""residue_index"": 64}, ""atom2"": {""atom_name"": ""N"", ""chain"": ""A"", ""residue_index"": 68}, ""atom_constraint_adjustment"": null, ""atom_constraint_bound"": 3.3, ""atom_constraint_provenance"": [{""averaging_factor"": 1.0, ""averaging_policy"": ""sum-r6"", ""bond_offset"": 1.08, ""explicit_pair_count"": 1, ""group_id"": ""nef_distance_restraint_list_CNS_distance_restraints_1:60"", ""projected_upper_bound"": 3.38, ""source_endpoints"": [""A:68:GLU:H -- A:64:LEU:O""], ""source_observation"": {""bound_source"": ""explicit_upper_bound"", ""canonical_expansions"": [], ""combination_id"": null, ""explicit_or_derived_upper_bound"": 2.3, ""lower_bound"": 1.3, ""member_id"": null, ""member_logic_code"": null, ""origin"": ""hbond"", ""target_uncertainty"": null, ""target_value"": 1.8, ""upper_linear_limit"": null, ""weight"": 1.0}, ""source_rows"": [""60""], ""source_upper_bound"": 2.3, ""warnings"": []}, {""averaging_factor"": 1.0, ""averaging_policy"": ""sum-r6"", ""bond_offset"": 0.0, ""explicit_pair_count"": 1, ""group_id"": ""nef_distance_restraint_list_CNS_distance_restraints_1:61"", ""projected_upper_bound"": 3.3, ""source_endpoints"": [""A:68:GLU:N -- A:64:LEU:O""], ""source_observation"": {""bound_source"": ""explicit_upper_bound"", ""canonical_expansions"": [], ""combination_id"": null, ""explicit_or_derived_upper_bound"": 3.3, ""lower_bound"": 2.3, ""member_id"": null, ""member_logic_code"": null, ""origin"": ""hbond"", ""target_uncertainty"": null, ""target_value"": 2.8, ""upper_linear_limit"": null, ""weight"": 1.0}, ""source_rows"": [""61""], ""source_upper_bound"": 3.3, ""warnings"": []}], ""raw_projected_distance"": 3.3, ""token_raw_bound"": 3.3}"
A	65	A	69	4.000000	3.300000	4.000000	nef_distance_restraint_list_CNS_distance_restraints_1:62;nef_distance_restraint_list_CNS_distance_restraints_1:63	exact	raised_to_token_minimum	"{""atom1"": {""atom_name"": ""O"", ""chain"": ""A"", ""residue_index"": 65}, ""atom2"": {""atom_name"": ""N"", ""chain"": ""A"", ""residue_index"": 69}, ""atom_constraint_adjustment"": null, ""atom_constraint_bound"": 3.3, ""atom_constraint_provenance"": [{""averaging_factor"": 1.0, ""averaging_policy"": ""sum-r6"", ""bond_offset"": 1.08, ""explicit_pair_count"": 1, ""group_id"": ""nef_distance_restraint_list_CNS_distance_restraints_1:62"", ""projected_upper_bound"": 3.58, ""source_endpoints"": [""A:69:ARG:H -- A:65:ARG:O""], ""source_observation"": {""bound_source"": ""explicit_upper_bound"", ""canonical_expansions"": [], ""combination_id"": null, ""explicit_or_derived_upper_bound"": 2.5, ""lower_bound"": 1.5, ""member_id"": null, ""member_logic_code"": null, ""origin"": ""hbond"", ""target_uncertainty"": null, ""target_value"": 2.0, ""upper_linear_limit"": null, ""weight"": 1.0}, ""source_rows"": [""62""], ""source_upper_bound"": 2.5, ""warnings"": []}, {""averaging_factor"": 1.0, ""averaging_policy"": ""sum-r6"", ""bond_offset"": 0.0, ""explicit_pair_count"": 1, ""group_id"": ""nef_distance_restraint_list_CNS_distance_restraints_1:63"", ""projected_upper_bound"": 3.3, ""source_endpoints"": [""A:69:ARG:N -- A:65:ARG:O""], ""source_observation"": {""bound_source"": ""explicit_upper_bound"", ""canonical_expansions"": [], ""combination_id"": null, ""explicit_or_derived_upper_bound"": 3.3, ""lower_bound"": 2.3, ""member_id"": null, ""member_logic_code"": null, ""origin"": ""hbond"", ""target_uncertainty"": null, ""target_value"": 2.8, ""upper_linear_limit"": null, ""weight"": 1.0}, ""source_rows"": [""63""], ""source_upper_bound"": 3.3, ""warnings"": []}], ""raw_projected_distance"": 3.3, ""token_raw_bound"": 3.3}"
A	66	A	70	4.000000	3.300000	4.000000	nef_distance_restraint_list_CNS_distance_restraints_1:64;nef_distance_restraint_list_CNS_distance_restraints_1:65	exact	raised_to_token_minimum	"{""atom1"": {""atom_name"": ""O"", ""chain"": ""A"", ""residue_index"": 66}, ""atom2"": {""atom_name"": ""N"", ""chain"": ""A"", ""residue_index"": 70}, ""atom_constraint_adjustment"": null, ""atom_constraint_bound"": 3.3, ""atom_constraint_provenance"": [{""averaging_factor"": 1.0, ""averaging_policy"": ""sum-r6"", ""bond_offset"": 1.08, ""explicit_pair_count"": 1, ""group_id"": ""nef_distance_restraint_list_CNS_distance_restraints_1:64"", ""projected_upper_bound"": 3.38, ""source_endpoints"": [""A:70:TYR:H -- A:66:GLU:O""], ""source_observation"": {""bound_source"": ""explicit_upper_bound"", ""canonical_expansions"": [], ""combination_id"": null, ""explicit_or_derived_upper_bound"": 2.3, ""lower_bound"": 1.3, ""member_id"": null, ""member_logic_code"": null, ""origin"": ""hbond"", ""target_uncertainty"": null, ""target_value"": 1.8, ""upper_linear_limit"": null, ""weight"": 1.0}, ""source_rows"": [""64""], ""source_upper_bound"": 2.3, ""warnings"": []}, {""averaging_factor"": 1.0, ""averaging_policy"": ""sum-r6"", ""bond_offset"": 0.0, ""explicit_pair_count"": 1, ""group_id"": ""nef_distance_restraint_list_CNS_distance_restraints_1:65"", ""projected_upper_bound"": 3.3, ""source_endpoints"": [""A:70:TYR:N -- A:66:GLU:O""], ""source_observation"": {""bound_source"": ""explicit_upper_bound"", ""canonical_expansions"": [], ""combination_id"": null, ""explicit_or_derived_upper_bound"": 3.3, ""lower_bound"": 2.3, ""member_id"": null, ""member_logic_code"": null, ""origin"": ""hbond"", ""target_uncertainty"": null, ""target_value"": 2.8, ""upper_linear_limit"": null, ""weight"": 1.0}, ""source_rows"": [""65""], ""source_upper_bound"": 3.3, ""warnings"": []}], ""raw_projected_distance"": 3.3, ""token_raw_bound"": 3.3}"
A	67	A	71	4.000000	3.300000	4.000000	nef_distance_restraint_list_CNS_distance_restraints_1:66;nef_distance_restraint_list_CNS_distance_restraints_1:67	exact	raised_to_token_minimum	"{""atom1"": {""atom_name"": ""O"", ""chain"": ""A"", ""residue_index"": 67}, ""atom2"": {""atom_name"": ""N"", ""chain"": ""A"", ""residue_index"": 71}, ""atom_constraint_adjustment"": null, ""atom_constraint_bound"": 3.3, ""atom_constraint_provenance"": [{""averaging_factor"": 1.0, ""averaging_policy"": ""sum-r6"", ""bond_offset"": 1.08, ""explicit_pair_count"": 1, ""group_id"": ""nef_distance_restraint_list_CNS_distance_restraints_1:66"", ""projected_upper_bound"": 3.38, ""source_endpoints"": [""A:71:VAL:H -- A:67:LEU:O""], ""source_observation"": {""bound_source"": ""explicit_upper_bound"", ""canonical_expansions"": [], ""combination_id"": null, ""explicit_or_derived_upper_bound"": 2.3, ""lower_bound"": 1.3, ""member_id"": null, ""member_logic_code"": null, ""origin"": ""hbond"", ""target_uncertainty"": null, ""target_value"": 1.8, ""upper_linear_limit"": null, ""weight"": 1.0}, ""source_rows"": [""66""], ""source_upper_bound"": 2.3, ""warnings"": []}, {""averaging_factor"": 1.0, ""averaging_policy"": ""sum-r6"", ""bond_offset"": 0.0, ""explicit_pair_count"": 1, ""group_id"": ""nef_distance_restraint_list_CNS_distance_restraints_1:67"", ""projected_upper_bound"": 3.3, ""source_endpoints"": [""A:71:VAL:N -- A:67:LEU:O""], ""source_observation"": {""bound_source"": ""explicit_upper_bound"", ""canonical_expansions"": [], ""combination_id"": null, ""explicit_or_derived_upper_bound"": 3.3, ""lower_bound"": 2.3, ""member_id"": null, ""member_logic_code"": null, ""origin"": ""hbond"", ""target_uncertainty"": null, ""target_value"": 2.8, ""upper_linear_limit"": null, ""weight"": 1.0}, ""source_rows"": [""67""], ""source_upper_bound"": 3.3, ""warnings"": []}], ""raw_projected_distance"": 3.3, ""token_raw_bound"": 3.3}"
A	68	A	72	4.000000	3.300000	4.000000	nef_distance_restraint_list_CNS_distance_restraints_1:68;nef_distance_restraint_list_CNS_distance_restraints_1:69	exact	raised_to_token_minimum	"{""atom1"": {""atom_name"": ""O"", ""chain"": ""A"", ""residue_index"": 68}, ""atom2"": {""atom_name"": ""N"", ""chain"": ""A"", ""residue_index"": 72}, ""atom_constraint_adjustment"": null, ""atom_constraint_bound"": 3.3, ""atom_constraint_provenance"": [{""averaging_factor"": 1.0, ""averaging_policy"": ""sum-r6"", ""bond_offset"": 1.08, ""explicit_pair_count"": 1, ""group_id"": ""nef_distance_restraint_list_CNS_distance_restraints_1:68"", ""projected_upper_bound"": 3.38, ""source_endpoints"": [""A:72:THR:H -- A:68:GLU:O""], ""source_observation"": {""bound_source"": ""explicit_upper_bound"", ""canonical_expansions"": [], ""combination_id"": null, ""explicit_or_derived_upper_bound"": 2.3, ""lower_bound"": 1.3, ""member_id"": null, ""member_logic_code"": null, ""origin"": ""hbond"", ""target_uncertainty"": null, ""target_value"": 1.8, ""upper_linear_limit"": null, ""weight"": 1.0}, ""source_rows"": [""68""], ""source_upper_bound"": 2.3, ""warnings"": []}, {""averaging_factor"": 1.0, ""averaging_policy"": ""sum-r6"", ""bond_offset"": 0.0, ""explicit_pair_count"": 1, ""group_id"": ""nef_distance_restraint_list_CNS_distance_restraints_1:69"", ""projected_upper_bound"": 3.3, ""source_endpoints"": [""A:72:THR:N -- A:68:GLU:O""], ""source_observation"": {""bound_source"": ""explicit_upper_bound"", ""canonical_expansions"": [], ""combination_id"": null, ""explicit_or_derived_upper_bound"": 3.3, ""lower_bound"": 2.3, ""member_id"": null, ""member_logic_code"": null, ""origin"": ""hbond"", ""target_uncertainty"": null, ""target_value"": 2.8, ""upper_linear_limit"": null, ""weight"": 1.0}, ""source_rows"": [""69""], ""source_upper_bound"": 3.3, ""warnings"": []}], ""raw_projected_distance"": 3.3, ""token_raw_bound"": 3.3}"
A	69	A	73	4.000000	3.600000	4.000000	nef_distance_restraint_list_CNS_distance_restraints_1:70;nef_distance_restraint_list_CNS_distance_restraints_1:71	exact	raised_to_token_minimum	"{""atom1"": {""atom_name"": ""O"", ""chain"": ""A"", ""residue_index"": 69}, ""atom2"": {""atom_name"": ""N"", ""chain"": ""A"", ""residue_index"": 73}, ""atom_constraint_adjustment"": null, ""atom_constraint_bound"": 3.6, ""atom_constraint_provenance"": [{""averaging_factor"": 1.0, ""averaging_policy"": ""sum-r6"", ""bond_offset"": 1.08, ""explicit_pair_count"": 1, ""group_id"": ""nef_distance_restraint_list_CNS_distance_restraints_1:70"", ""projected_upper_bound"": 3.68, ""source_endpoints"": [""A:73:SER:H -- A:69:ARG:O""], ""source_observation"": {""bound_source"": ""explicit_upper_bound"", ""canonical_expansions"": [], ""combination_id"": null, ""explicit_or_derived_upper_bound"": 2.6, ""lower_bound"": 1.4, ""member_id"": null, ""member_logic_code"": null, ""origin"": ""hbond"", ""target_uncertainty"": null, ""target_value"": 1.9, ""upper_linear_limit"": null, ""weight"": 1.0}, ""source_rows"": [""70""], ""source_upper_bound"": 2.6, ""warnings"": []}, {""averaging_factor"": 1.0, ""averaging_policy"": ""sum-r6"", ""bond_offset"": 0.0, ""explicit_pair_count"": 1, ""group_id"": ""nef_distance_restraint_list_CNS_distance_restraints_1:71"", ""projected_upper_bound"": 3.6, ""source_endpoints"": [""A:73:SER:N -- A:69:ARG:O""], ""source_observation"": {""bound_source"": ""explicit_upper_bound"", ""canonical_expansions"": [], ""combination_id"": null, ""explicit_or_derived_upper_bound"": 3.6, ""lower_bound"": 2.4, ""member_id"": null, ""member_logic_code"": null, ""origin"": ""hbond"", ""target_uncertainty"": null, ""target_value"": 2.9, ""upper_linear_limit"": null, ""weight"": 1.0}, ""source_rows"": [""71""], ""source_upper_bound"": 3.6, ""warnings"": []}], ""raw_projected_distance"": 3.6, ""token_raw_bound"": 3.6}"
A	70	A	74	4.000000	3.600000	4.000000	nef_distance_restraint_list_CNS_distance_restraints_1:72;nef_distance_restraint_list_CNS_distance_restraints_1:73	exact	raised_to_token_minimum	"{""atom1"": {""atom_name"": ""O"", ""chain"": ""A"", ""residue_index"": 70}, ""atom2"": {""atom_name"": ""N"", ""chain"": ""A"", ""residue_index"": 74}, ""atom_constraint_adjustment"": null, ""atom_constraint_bound"": 3.6, ""atom_constraint_provenance"": [{""averaging_factor"": 1.0, ""averaging_policy"": ""sum-r6"", ""bond_offset"": 1.08, ""explicit_pair_count"": 1, ""group_id"": ""nef_distance_restraint_list_CNS_distance_restraints_1:72"", ""projected_upper_bound"": 3.88, ""source_endpoints"": [""A:74:CYS:H -- A:70:TYR:O""], ""source_observation"": {""bound_source"": ""explicit_upper_bound"", ""canonical_expansions"": [], ""combination_id"": null, ""explicit_or_derived_upper_bound"": 2.8, ""lower_bound"": 1.5, ""member_id"": null, ""member_logic_code"": null, ""origin"": ""hbond"", ""target_uncertainty"": null, ""target_value"": 2.0, ""upper_linear_limit"": null, ""weight"": 1.0}, ""source_rows"": [""72""], ""source_upper_bound"": 2.8, ""warnings"": []}, {""averaging_factor"": 1.0, ""averaging_policy"": ""sum-r6"", ""bond_offset"": 0.0, ""explicit_pair_count"": 1, ""group_id"": ""nef_distance_restraint_list_CNS_distance_restraints_1:73"", ""projected_upper_bound"": 3.6, ""source_endpoints"": [""A:74:CYS:N -- A:70:TYR:O""], ""source_observation"": {""bound_source"": ""explicit_upper_bound"", ""canonical_expansions"": [], ""combination_id"": null, ""explicit_or_derived_upper_bound"": 3.6, ""lower_bound"": 2.4, ""member_id"": null, ""member_logic_code"": null, ""origin"": ""hbond"", ""target_uncertainty"": null, ""target_value"": 2.9, ""upper_linear_limit"": null, ""weight"": 1.0}, ""source_rows"": [""73""], ""source_upper_bound"": 3.6, ""warnings"": []}], ""raw_projected_distance"": 3.6, ""token_raw_bound"": 3.6}"
A	71	A	75	4.000000	3.300000	4.000000	nef_distance_restraint_list_CNS_distance_restraints_1:74;nef_distance_restraint_list_CNS_distance_restraints_1:75	exact	raised_to_token_minimum	"{""atom1"": {""atom_name"": ""O"", ""chain"": ""A"", ""residue_index"": 71}, ""atom2"": {""atom_name"": ""N"", ""chain"": ""A"", ""residue_index"": 75}, ""atom_constraint_adjustment"": null, ""atom_constraint_bound"": 3.3, ""atom_constraint_provenance"": [{""averaging_factor"": 1.0, ""averaging_policy"": ""sum-r6"", ""bond_offset"": 1.08, ""explicit_pair_count"": 1, ""group_id"": ""nef_distance_restraint_list_CNS_distance_restraints_1:74"", ""projected_upper_bound"": 3.38, ""source_endpoints"": [""A:75:LEU:H -- A:71:VAL:O""], ""source_observation"": {""bound_source"": ""explicit_upper_bound"", ""canonical_expansions"": [], ""combination_id"": null, ""explicit_or_derived_upper_bound"": 2.3, ""lower_bound"": 1.3, ""member_id"": null, ""member_logic_code"": null, ""origin"": ""hbond"", ""target_uncertainty"": null, ""target_value"": 1.8, ""upper_linear_limit"": null, ""weight"": 1.0}, ""source_rows"": [""74""], ""source_upper_bound"": 2.3, ""warnings"": []}, {""averaging_factor"": 1.0, ""averaging_policy"": ""sum-r6"", ""bond_offset"": 0.0, ""explicit_pair_count"": 1, ""group_id"": ""nef_distance_restraint_list_CNS_distance_restraints_1:75"", ""projected_upper_bound"": 3.3, ""source_endpoints"": [""A:75:LEU:N -- A:71:VAL:O""], ""source_observation"": {""bound_source"": ""explicit_upper_bound"", ""canonical_expansions"": [], ""combination_id"": null, ""explicit_or_derived_upper_bound"": 3.3, ""lower_bound"": 2.3, ""member_id"": null, ""member_logic_code"": null, ""origin"": ""hbond"", ""target_uncertainty"": null, ""target_value"": 2.8, ""upper_linear_limit"": null, ""weight"": 1.0}, ""source_rows"": [""75""], ""source_upper_bound"": 3.3, ""warnings"": []}], ""raw_projected_distance"": 3.3, ""token_raw_bound"": 3.3}"
A	72	A	76	4.000000	3.300000	4.000000	nef_distance_restraint_list_CNS_distance_restraints_1:76;nef_distance_restraint_list_CNS_distance_restraints_1:77	exact	raised_to_token_minimum	"{""atom1"": {""atom_name"": ""O"", ""chain"": ""A"", ""residue_index"": 72}, ""atom2"": {""atom_name"": ""N"", ""chain"": ""A"", ""residue_index"": 76}, ""atom_constraint_adjustment"": null, ""atom_constraint_bound"": 3.3, ""atom_constraint_provenance"": [{""averaging_factor"": 1.0, ""averaging_policy"": ""sum-r6"", ""bond_offset"": 1.08, ""explicit_pair_count"": 1, ""group_id"": ""nef_distance_restraint_list_CNS_distance_restraints_1:76"", ""projected_upper_bound"": 3.38, ""source_endpoints"": [""A:76:ARG:H -- A:72:THR:O""], ""source_observation"": {""bound_source"": ""explicit_upper_bound"", ""canonical_expansions"": [], ""combination_id"": null, ""explicit_or_derived_upper_bound"": 2.3, ""lower_bound"": 1.3, ""member_id"": null, ""member_logic_code"": null, ""origin"": ""hbond"", ""target_uncertainty"": null, ""target_value"": 1.8, ""upper_linear_limit"": null, ""weight"": 1.0}, ""source_rows"": [""76""], ""source_upper_bound"": 2.3, ""warnings"": []}, {""averaging_factor"": 1.0, ""averaging_policy"": ""sum-r6"", ""bond_offset"": 0.0, ""explicit_pair_count"": 1, ""group_id"": ""nef_distance_restraint_list_CNS_distance_restraints_1:77"", ""projected_upper_bound"": 3.3, ""source_endpoints"": [""A:76:ARG:N -- A:72:THR:O""], ""source_observation"": {""bound_source"": ""explicit_upper_bound"", ""canonical_expansions"": [], ""combination_id"": null, ""explicit_or_derived_upper_bound"": 3.3, ""lower_bound"": 2.3, ""member_id"": null, ""member_logic_code"": null, ""origin"": ""hbond"", ""target_uncertainty"": null, ""target_value"": 2.8, ""upper_linear_limit"": null, ""weight"": 1.0}, ""source_rows"": [""77""], ""source_upper_bound"": 3.3, ""warnings"": []}], ""raw_projected_distance"": 3.3, ""token_raw_bound"": 3.3}"
