group_id	restraint_id	alternative_number	chain_1	residue_index_1	atom_1	chain_2	residue_index_2	atom_2	max_distance_A	averaging_factor	explicit_pair_count	source_rows	source_endpoints	reason_not_emitted
XPLOR-NIH_distance_restraints_1:183	183	1	A	6	C1'	A	8	C2	11.240000	1.00000000	1	183	A:8:A:H2 -- A:6:U:H1'	The original restraint is a disjunction whose alternatives map to multiple distinct heavy-atom pairs. Emitting all pairs would convert OR into AND.
XPLOR-NIH_distance_restraints_1:183	183	2	A	7	C1'	A	8	C2	11.240000	1.00000000	1	184	A:8:A:H2 -- A:7:U:H1'	The original restraint is a disjunction whose alternatives map to multiple distinct heavy-atom pairs. Emitting all pairs would convert OR into AND.
XPLOR-NIH_distance_restraints_1:184	184	1	B	6	C1'	B	8	C2	11.240000	1.00000000	1	185	B:20:A:H2 -- B:18:U:H1'	The original restraint is a disjunction whose alternatives map to multiple distinct heavy-atom pairs. Emitting all pairs would convert OR into AND.
XPLOR-NIH_distance_restraints_1:184	184	2	B	7	C1'	B	8	C2	11.240000	1.00000000	1	186	B:20:A:H2 -- B:19:U:H1'	The original restraint is a disjunction whose alternatives map to multiple distinct heavy-atom pairs. Emitting all pairs would convert OR into AND.
XPLOR-NIH_distance_restraints_1:185	185	1	A	6	C6	A	8	C8	11.240000	1.00000000	1	187	A:8:A:H8 -- A:6:U:H6	The original restraint is a disjunction whose alternatives map to multiple distinct heavy-atom pairs. Emitting all pairs would convert OR into AND.
XPLOR-NIH_distance_restraints_1:185	185	2	A	7	C6	A	8	C8	11.240000	1.00000000	1	188	A:8:A:H8 -- A:7:U:H6	The original restraint is a disjunction whose alternatives map to multiple distinct heavy-atom pairs. Emitting all pairs would convert OR into AND.
XPLOR-NIH_distance_restraints_1:186	186	1	B	6	C6	B	8	C8	11.240000	1.00000000	1	189	B:20:A:H8 -- B:18:U:H6	The original restraint is a disjunction whose alternatives map to multiple distinct heavy-atom pairs. Emitting all pairs would convert OR into AND.
XPLOR-NIH_distance_restraints_1:186	186	2	B	7	C6	B	8	C8	11.240000	1.00000000	1	190	B:20:A:H8 -- B:19:U:H6	The original restraint is a disjunction whose alternatives map to multiple distinct heavy-atom pairs. Emitting all pairs would convert OR into AND.
XPLOR-NIH_distance_restraints_1:191	191	1	A	6	C1'	A	8	C8	11.240000	1.00000000	1	195	A:8:A:H8 -- A:6:U:H1'	The original restraint is a disjunction whose alternatives map to multiple distinct heavy-atom pairs. Emitting all pairs would convert OR into AND.
XPLOR-NIH_distance_restraints_1:191	191	2	A	7	C1'	A	8	C8	11.240000	1.00000000	1	196	A:8:A:H8 -- A:7:U:H1'	The original restraint is a disjunction whose alternatives map to multiple distinct heavy-atom pairs. Emitting all pairs would convert OR into AND.
XPLOR-NIH_distance_restraints_1:192	192	1	B	6	C1'	B	8	C8	11.240000	1.00000000	1	197	B:20:A:H8 -- B:18:U:H1'	The original restraint is a disjunction whose alternatives map to multiple distinct heavy-atom pairs. Emitting all pairs would convert OR into AND.
XPLOR-NIH_distance_restraints_1:192	192	2	B	7	C1'	B	8	C8	11.240000	1.00000000	1	198	B:20:A:H8 -- B:19:U:H1'	The original restraint is a disjunction whose alternatives map to multiple distinct heavy-atom pairs. Emitting all pairs would convert OR into AND.
XPLOR-NIH_distance_restraints_1:193	193	1	A	6	C3'	A	8	C8	7.290000	1.00000000	1	199	A:8:A:H8 -- A:6:U:H3'	The original restraint is a disjunction whose alternatives map to multiple distinct heavy-atom pairs. Emitting all pairs would convert OR into AND.
XPLOR-NIH_distance_restraints_1:193	193	2	A	7	C3'	A	8	C8	7.290000	1.00000000	1	200	A:8:A:H8 -- A:7:U:H3'	The original restraint is a disjunction whose alternatives map to multiple distinct heavy-atom pairs. Emitting all pairs would convert OR into AND.
XPLOR-NIH_distance_restraints_1:194	194	1	B	6	C3'	B	8	C8	7.290000	1.00000000	1	201	B:20:A:H8 -- B:18:U:H3'	The original restraint is a disjunction whose alternatives map to multiple distinct heavy-atom pairs. Emitting all pairs would convert OR into AND.
XPLOR-NIH_distance_restraints_1:194	194	2	B	7	C3'	B	8	C8	7.290000	1.00000000	1	202	B:20:A:H8 -- B:19:U:H3'	The original restraint is a disjunction whose alternatives map to multiple distinct heavy-atom pairs. Emitting all pairs would convert OR into AND.
XPLOR-NIH_distance_restraints_1:195	195	1	A	6	C1'	A	8	C3'	11.240000	1.00000000	1	203	A:6:U:H1' -- A:8:A:H3'	The original restraint is a disjunction whose alternatives map to multiple distinct heavy-atom pairs. Emitting all pairs would convert OR into AND.
XPLOR-NIH_distance_restraints_1:195	195	2	A	7	C1'	A	8	C3'	11.240000	1.00000000	1	204	A:7:U:H1' -- A:8:A:H3'	The original restraint is a disjunction whose alternatives map to multiple distinct heavy-atom pairs. Emitting all pairs would convert OR into AND.
XPLOR-NIH_distance_restraints_1:196	196	1	B	6	C1'	B	8	C3'	11.240000	1.00000000	1	205	B:18:U:H1' -- B:20:A:H3'	The original restraint is a disjunction whose alternatives map to multiple distinct heavy-atom pairs. Emitting all pairs would convert OR into AND.
XPLOR-NIH_distance_restraints_1:196	196	2	B	7	C1'	B	8	C3'	11.240000	1.00000000	1	206	B:19:U:H1' -- B:20:A:H3'	The original restraint is a disjunction whose alternatives map to multiple distinct heavy-atom pairs. Emitting all pairs would convert OR into AND.
XPLOR-NIH_distance_restraints_1:197	197	1	A	6	C1'	A	8	C2'	11.240000	1.00000000	1	207	A:6:U:H1' -- A:8:A:H2'	The original restraint is a disjunction whose alternatives map to multiple distinct heavy-atom pairs. Emitting all pairs would convert OR into AND.
XPLOR-NIH_distance_restraints_1:197	197	2	A	7	C1'	A	8	C2'	11.240000	1.00000000	1	208	A:7:U:H1' -- A:8:A:H2'	The original restraint is a disjunction whose alternatives map to multiple distinct heavy-atom pairs. Emitting all pairs would convert OR into AND.
XPLOR-NIH_distance_restraints_1:198	198	1	B	6	C1'	B	8	C2'	11.240000	1.00000000	1	209	B:18:U:H1' -- B:20:A:H2'	The original restraint is a disjunction whose alternatives map to multiple distinct heavy-atom pairs. Emitting all pairs would convert OR into AND.
XPLOR-NIH_distance_restraints_1:198	198	2	B	7	C1'	B	8	C2'	11.240000	1.00000000	1	210	B:19:U:H1' -- B:20:A:H2'	The original restraint is a disjunction whose alternatives map to multiple distinct heavy-atom pairs. Emitting all pairs would convert OR into AND.
XPLOR-NIH_distance_restraints_1:199	199	1	A	6	C6	A	8	C3'	11.240000	1.00000000	1	211	A:6:U:H6 -- A:8:A:H3'	The original restraint is a disjunction whose alternatives map to multiple distinct heavy-atom pairs. Emitting all pairs would convert OR into AND.
XPLOR-NIH_distance_restraints_1:199	199	2	A	7	C6	A	8	C3'	11.240000	1.00000000	1	212	A:7:U:H6 -- A:8:A:H3'	The original restraint is a disjunction whose alternatives map to multiple distinct heavy-atom pairs. Emitting all pairs would convert OR into AND.
XPLOR-NIH_distance_restraints_1:200	200	1	B	6	C6	B	8	C3'	11.240000	1.00000000	1	213	B:18:U:H6 -- B:20:A:H3'	The original restraint is a disjunction whose alternatives map to multiple distinct heavy-atom pairs. Emitting all pairs would convert OR into AND.
XPLOR-NIH_distance_restraints_1:200	200	2	B	7	C6	B	8	C3'	11.240000	1.00000000	1	214	B:19:U:H6 -- B:20:A:H3'	The original restraint is a disjunction whose alternatives map to multiple distinct heavy-atom pairs. Emitting all pairs would convert OR into AND.
XPLOR-NIH_distance_restraints_1:201	201	1	A	6	C6	A	8	C2'	11.240000	1.00000000	1	215	A:6:U:H6 -- A:8:A:H2'	The original restraint is a disjunction whose alternatives map to multiple distinct heavy-atom pairs. Emitting all pairs would convert OR into AND.
XPLOR-NIH_distance_restraints_1:201	201	2	A	7	C6	A	8	C2'	11.240000	1.00000000	1	216	A:7:U:H6 -- A:8:A:H2'	The original restraint is a disjunction whose alternatives map to multiple distinct heavy-atom pairs. Emitting all pairs would convert OR into AND.
XPLOR-NIH_distance_restraints_1:202	202	1	B	6	C6	B	8	C2'	11.240000	1.00000000	1	217	B:18:U:H6 -- B:20:A:H2'	The original restraint is a disjunction whose alternatives map to multiple distinct heavy-atom pairs. Emitting all pairs would convert OR into AND.
XPLOR-NIH_distance_restraints_1:202	202	2	B	7	C6	B	8	C2'	11.240000	1.00000000	1	218	B:19:U:H6 -- B:20:A:H2'	The original restraint is a disjunction whose alternatives map to multiple distinct heavy-atom pairs. Emitting all pairs would convert OR into AND.
